True,Country,POL,Variable,Year,Unit,Value
0,France,CH4,"Total GHG, Index 2000=100",1990,Index,98.971
1,France,CH4,"Total GHG, Index 2000=100",1991,Index,100.042
2,France,CH4,"Total GHG, Index 2000=100",1992,Index,99.845
3,France,CH4,"Total GHG, Index 2000=100",1993,Index,100.40700000000001
4,France,CH4,"Total GHG, Index 2000=100",1994,Index,100.523
5,France,CH4,"Total GHG, Index 2000=100",1995,Index,101.626
6,France,CH4,"Total GHG, Index 2000=100",1996,Index,100.88
7,France,CH4,"Total GHG, Index 2000=100",1997,Index,99.12899999999999
8,France,CH4,"Total GHG, Index 2000=100",1998,Index,99.509
9,France,CH4,"Total GHG, Index 2000=100",1999,Index,99.53
10,France,CH4,"Total GHG, Index 2000=100",2000,Index,100.0
11,France,CH4,"Total GHG, Index 2000=100",2001,Index,99.831
12,France,CH4,"Total GHG, Index 2000=100",2002,Index,97.545
13,France,CH4,"Total GHG, Index 2000=100",2003,Index,96.257
14,France,CH4,"Total GHG, Index 2000=100",2004,Index,93.96
15,France,CH4,"Total GHG, Index 2000=100",2005,Index,92.65299999999999
16,France,CH4,"Total GHG, Index 2000=100",2006,Index,92.16799999999999
17,France,CH4,"Total GHG, Index 2000=100",2007,Index,91.522
18,France,CH4,"Total GHG, Index 2000=100",2008,Index,91.49700000000001
19,France,CH4,"Total GHG, Index 2000=100",2009,Index,89.88799999999999
20,France,CH4,"Total GHG, Index 2000=100",2010,Index,89.32799999999999
21,France,CH4,"Total GHG, Index 2000=100",2011,Index,87.98
22,France,CH4,"Total GHG, Index 2000=100",2012,Index,85.81200000000001
23,France,CH4,"Total GHG, Index 2000=100",2013,Index,84.149
24,France,CH4,"Total GHG, Index 2000=100",2014,Index,85.15100000000001
25,France,CH4,"Total GHG, Index 2000=100",2015,Index,83.845
26,Poland,CH4,"Total GHG, Index 2000=100",1990,Index,130.941
27,Poland,CH4,"Total GHG, Index 2000=100",1991,Index,121.295
28,Poland,CH4,"Total GHG, Index 2000=100",1992,Index,117.647
29,Poland,CH4,"Total GHG, Index 2000=100",1993,Index,114.147
30,Poland,CH4,"Total GHG, Index 2000=100",1994,Index,112.774
31,Poland,CH4,"Total GHG, Index 2000=100",1995,Index,109.81
32,Poland,CH4,"Total GHG, Index 2000=100",1996,Index,108.402
33,Poland,CH4,"Total GHG, Index 2000=100",1997,Index,108.14299999999999
34,Poland,CH4,"Total GHG, Index 2000=100",1998,Index,104.56200000000001
35,Poland,CH4,"Total GHG, Index 2000=100",1999,Index,102.61399999999999
36,Poland,CH4,"Total GHG, Index 2000=100",2000,Index,100.0
37,Poland,CH4,"Total GHG, Index 2000=100",2001,Index,103.81299999999999
38,Poland,CH4,"Total GHG, Index 2000=100",2002,Index,100.50200000000001
39,Poland,CH4,"Total GHG, Index 2000=100",2003,Index,101.073
40,Poland,CH4,"Total GHG, Index 2000=100",2004,Index,100.223
41,Poland,CH4,"Total GHG, Index 2000=100",2005,Index,101.038
42,Poland,CH4,"Total GHG, Index 2000=100",2006,Index,101.569
43,Poland,CH4,"Total GHG, Index 2000=100",2007,Index,100.085
44,Poland,CH4,"Total GHG, Index 2000=100",2008,Index,99.478
45,Poland,CH4,"Total GHG, Index 2000=100",2009,Index,97.031
46,Poland,CH4,"Total GHG, Index 2000=100",2010,Index,96.899
47,Poland,CH4,"Total GHG, Index 2000=100",2011,Index,94.59700000000001
48,Poland,CH4,"Total GHG, Index 2000=100",2012,Index,94.134
49,Poland,CH4,"Total GHG, Index 2000=100",2013,Index,94.669
50,Poland,CH4,"Total GHG, Index 2000=100",2014,Index,93.706
51,Poland,CH4,"Total GHG, Index 2000=100",2015,Index,94.596
52,Iceland,CH4,"Total GHG, Index 2000=100",1990,Index,93.235
53,Iceland,CH4,"Total GHG, Index 2000=100",1991,Index,92.322
54,Iceland,CH4,"Total GHG, Index 2000=100",1992,Index,93.51299999999999
55,Iceland,CH4,"Total GHG, Index 2000=100",1993,Index,95.294
56,Iceland,CH4,"Total GHG, Index 2000=100",1994,Index,97.21799999999999
57,Iceland,CH4,"Total GHG, Index 2000=100",1995,Index,96.56700000000001
58,Iceland,CH4,"Total GHG, Index 2000=100",1996,Index,98.15299999999999
59,Iceland,CH4,"Total GHG, Index 2000=100",1997,Index,98.15100000000001
60,Iceland,CH4,"Total GHG, Index 2000=100",1998,Index,100.264
61,Iceland,CH4,"Total GHG, Index 2000=100",1999,Index,101.15700000000001
62,Iceland,CH4,"Total GHG, Index 2000=100",2000,Index,100.0
63,Iceland,CH4,"Total GHG, Index 2000=100",2001,Index,101.838
64,Iceland,CH4,"Total GHG, Index 2000=100",2002,Index,101.448
65,Iceland,CH4,"Total GHG, Index 2000=100",2003,Index,100.954
66,Iceland,CH4,"Total GHG, Index 2000=100",2004,Index,101.294
67,Iceland,CH4,"Total GHG, Index 2000=100",2005,Index,100.57
68,Iceland,CH4,"Total GHG, Index 2000=100",2006,Index,105.45
69,Iceland,CH4,"Total GHG, Index 2000=100",2007,Index,105.712
70,Iceland,CH4,"Total GHG, Index 2000=100",2008,Index,104.818
71,Iceland,CH4,"Total GHG, Index 2000=100",2009,Index,104.639
72,Iceland,CH4,"Total GHG, Index 2000=100",2010,Index,104.574
73,Iceland,CH4,"Total GHG, Index 2000=100",2011,Index,101.431
74,Iceland,CH4,"Total GHG, Index 2000=100",2012,Index,97.43
75,Iceland,CH4,"Total GHG, Index 2000=100",2013,Index,97.816
76,Iceland,CH4,"Total GHG, Index 2000=100",2014,Index,98.061
77,Iceland,CH4,"Total GHG, Index 2000=100",2015,Index,98.708
78,Hungary,CH4,"Total GHG, Index 2000=100",1990,Index,131.637
79,Hungary,CH4,"Total GHG, Index 2000=100",1991,Index,128.319
80,Hungary,CH4,"Total GHG, Index 2000=100",1992,Index,114.014
81,Hungary,CH4,"Total GHG, Index 2000=100",1993,Index,108.14
82,Hungary,CH4,"Total GHG, Index 2000=100",1994,Index,102.738
83,Hungary,CH4,"Total GHG, Index 2000=100",1995,Index,98.755
84,Hungary,CH4,"Total GHG, Index 2000=100",1996,Index,100.273
85,Hungary,CH4,"Total GHG, Index 2000=100",1997,Index,98.75399999999999
86,Hungary,CH4,"Total GHG, Index 2000=100",1998,Index,97.729
87,Hungary,CH4,"Total GHG, Index 2000=100",1999,Index,98.459
88,Hungary,CH4,"Total GHG, Index 2000=100",2000,Index,100.0
89,Hungary,CH4,"Total GHG, Index 2000=100",2001,Index,99.74600000000001
90,Hungary,CH4,"Total GHG, Index 2000=100",2002,Index,99.102
91,Hungary,CH4,"Total GHG, Index 2000=100",2003,Index,101.699
92,Hungary,CH4,"Total GHG, Index 2000=100",2004,Index,96.083
93,Hungary,CH4,"Total GHG, Index 2000=100",2005,Index,94.184
94,Hungary,CH4,"Total GHG, Index 2000=100",2006,Index,92.73299999999999
95,Hungary,CH4,"Total GHG, Index 2000=100",2007,Index,92.31299999999999
96,Hungary,CH4,"Total GHG, Index 2000=100",2008,Index,91.288
97,Hungary,CH4,"Total GHG, Index 2000=100",2009,Index,90.553
98,Hungary,CH4,"Total GHG, Index 2000=100",2010,Index,90.41
99,Hungary,CH4,"Total GHG, Index 2000=100",2011,Index,89.26700000000001
100,Hungary,CH4,"Total GHG, Index 2000=100",2012,Index,89.78
101,Hungary,CH4,"Total GHG, Index 2000=100",2013,Index,87.52
102,Hungary,CH4,"Total GHG, Index 2000=100",2014,Index,86.325
103,Hungary,CH4,"Total GHG, Index 2000=100",2015,Index,85.462
104,Australia,CH4,"Total GHG, Index 2000=100",1990,Index,106.296
105,Australia,CH4,"Total GHG, Index 2000=100",1991,Index,106.281
106,Australia,CH4,"Total GHG, Index 2000=100",1992,Index,105.943
107,Australia,CH4,"Total GHG, Index 2000=100",1993,Index,102.946
108,Australia,CH4,"Total GHG, Index 2000=100",1994,Index,100.016
109,Australia,CH4,"Total GHG, Index 2000=100",1995,Index,98.757
110,Australia,CH4,"Total GHG, Index 2000=100",1996,Index,98.95299999999999
111,Australia,CH4,"Total GHG, Index 2000=100",1997,Index,101.495
112,Australia,CH4,"Total GHG, Index 2000=100",1998,Index,100.538
113,Australia,CH4,"Total GHG, Index 2000=100",1999,Index,96.934
114,Australia,CH4,"Total GHG, Index 2000=100",2000,Index,100.0
115,Australia,CH4,"Total GHG, Index 2000=100",2001,Index,98.713
116,Australia,CH4,"Total GHG, Index 2000=100",2002,Index,97.056
117,Australia,CH4,"Total GHG, Index 2000=100",2003,Index,92.39399999999999
118,Australia,CH4,"Total GHG, Index 2000=100",2004,Index,94.17399999999999
119,Australia,CH4,"Total GHG, Index 2000=100",2005,Index,95.669
120,Australia,CH4,"Total GHG, Index 2000=100",2006,Index,95.133
121,Australia,CH4,"Total GHG, Index 2000=100",2007,Index,94.85700000000001
122,Australia,CH4,"Total GHG, Index 2000=100",2008,Index,93.124
123,Australia,CH4,"Total GHG, Index 2000=100",2009,Index,92.546
124,Australia,CH4,"Total GHG, Index 2000=100",2010,Index,90.79299999999999
125,Australia,CH4,"Total GHG, Index 2000=100",2011,Index,92.85600000000001
126,Australia,CH4,"Total GHG, Index 2000=100",2012,Index,92.147
127,Australia,CH4,"Total GHG, Index 2000=100",2013,Index,91.18299999999999
128,Australia,CH4,"Total GHG, Index 2000=100",2014,Index,89.446
129,Australia,CH4,"Total GHG, Index 2000=100",2015,Index,89.432
130,Korea,CH4,"Total GHG, Index 2000=100",1990,Index,110.119
131,Korea,CH4,"Total GHG, Index 2000=100",1991,Index,109.749
132,Korea,CH4,"Total GHG, Index 2000=100",1992,Index,107.50200000000001
133,Korea,CH4,"Total GHG, Index 2000=100",1993,Index,105.455
134,Korea,CH4,"Total GHG, Index 2000=100",1994,Index,105.459
135,Korea,CH4,"Total GHG, Index 2000=100",1995,Index,104.104
136,Korea,CH4,"Total GHG, Index 2000=100",1996,Index,105.126
137,Korea,CH4,"Total GHG, Index 2000=100",1997,Index,105.82799999999999
138,Korea,CH4,"Total GHG, Index 2000=100",1998,Index,101.31200000000001
139,Korea,CH4,"Total GHG, Index 2000=100",1999,Index,100.133
140,Korea,CH4,"Total GHG, Index 2000=100",2000,Index,100.0
141,Korea,CH4,"Total GHG, Index 2000=100",2001,Index,101.08200000000001
142,Korea,CH4,"Total GHG, Index 2000=100",2002,Index,101.64200000000001
143,Korea,CH4,"Total GHG, Index 2000=100",2003,Index,101.56299999999999
144,Korea,CH4,"Total GHG, Index 2000=100",2004,Index,98.29
145,Korea,CH4,"Total GHG, Index 2000=100",2005,Index,97.993
146,Korea,CH4,"Total GHG, Index 2000=100",2006,Index,97.774
147,Korea,CH4,"Total GHG, Index 2000=100",2007,Index,96.54799999999999
148,Korea,CH4,"Total GHG, Index 2000=100",2008,Index,96.383
149,Korea,CH4,"Total GHG, Index 2000=100",2009,Index,96.315
150,Korea,CH4,"Total GHG, Index 2000=100",2010,Index,97.964
151,Korea,CH4,"Total GHG, Index 2000=100",2011,Index,97.061
152,Korea,CH4,"Total GHG, Index 2000=100",2012,Index,97.29700000000001
153,Korea,CH4,"Total GHG, Index 2000=100",2013,Index,97.161
154,Korea,CH4,"Total GHG, Index 2000=100",2014,Index,95.398
155,United States,CH4,"Total GHG, Index 2000=100",1990,Index,110.875
156,United States,CH4,"Total GHG, Index 2000=100",1991,Index,111.51700000000001
157,United States,CH4,"Total GHG, Index 2000=100",1992,Index,111.365
158,United States,CH4,"Total GHG, Index 2000=100",1993,Index,109.214
159,United States,CH4,"Total GHG, Index 2000=100",1994,Index,109.757
160,United States,CH4,"Total GHG, Index 2000=100",1995,Index,108.648
161,United States,CH4,"Total GHG, Index 2000=100",1996,Index,107.42200000000001
162,United States,CH4,"Total GHG, Index 2000=100",1997,Index,105.148
163,United States,CH4,"Total GHG, Index 2000=100",1998,Index,103.06299999999999
164,United States,CH4,"Total GHG, Index 2000=100",1999,Index,101.37700000000001
165,United States,CH4,"Total GHG, Index 2000=100",2000,Index,100.0
166,United States,CH4,"Total GHG, Index 2000=100",2001,Index,98.801
167,United States,CH4,"Total GHG, Index 2000=100",2002,Index,97.163
168,United States,CH4,"Total GHG, Index 2000=100",2003,Index,97.18700000000001
169,United States,CH4,"Total GHG, Index 2000=100",2004,Index,95.96700000000001
170,United States,CH4,"Total GHG, Index 2000=100",2005,Index,96.696
171,United States,CH4,"Total GHG, Index 2000=100",2006,Index,96.85700000000001
172,United States,CH4,"Total GHG, Index 2000=100",2007,Index,97.40899999999999
173,United States,CH4,"Total GHG, Index 2000=100",2008,Index,98.704
174,United States,CH4,"Total GHG, Index 2000=100",2009,Index,98.037
175,United States,CH4,"Total GHG, Index 2000=100",2010,Index,98.28200000000001
176,United States,CH4,"Total GHG, Index 2000=100",2011,Index,95.44
177,United States,CH4,"Total GHG, Index 2000=100",2012,Index,94.583
178,United States,CH4,"Total GHG, Index 2000=100",2013,Index,93.54700000000001
179,United States,CH4,"Total GHG, Index 2000=100",2014,Index,93.59899999999999
180,United States,CH4,"Total GHG, Index 2000=100",2015,Index,93.113
181,Japan,CH4,"Total GHG, Index 2000=100",1990,Index,117.40799999999999
182,Japan,CH4,"Total GHG, Index 2000=100",1991,Index,114.13
183,Japan,CH4,"Total GHG, Index 2000=100",1992,Index,116.31700000000001
184,Japan,CH4,"Total GHG, Index 2000=100",1993,Index,105.462
185,Japan,CH4,"Total GHG, Index 2000=100",1994,Index,114.464
186,Japan,CH4,"Total GHG, Index 2000=100",1995,Index,110.545
187,Japan,CH4,"Total GHG, Index 2000=100",1996,Index,107.285
188,Japan,CH4,"Total GHG, Index 2000=100",1997,Index,105.36
189,Japan,CH4,"Total GHG, Index 2000=100",1998,Index,100.429
190,Japan,CH4,"Total GHG, Index 2000=100",1999,Index,100.059
191,Japan,CH4,"Total GHG, Index 2000=100",2000,Index,100.0
192,Japan,CH4,"Total GHG, Index 2000=100",2001,Index,97.186
193,Japan,CH4,"Total GHG, Index 2000=100",2002,Index,95.40799999999999
194,Japan,CH4,"Total GHG, Index 2000=100",2003,Index,91.49700000000001
195,Japan,CH4,"Total GHG, Index 2000=100",2004,Index,94.20700000000001
196,Japan,CH4,"Total GHG, Index 2000=100",2005,Index,93.663
197,Japan,CH4,"Total GHG, Index 2000=100",2006,Index,92.291
198,Japan,CH4,"Total GHG, Index 2000=100",2007,Index,92.958
199,Japan,CH4,"Total GHG, Index 2000=100",2008,Index,92.177
200,Japan,CH4,"Total GHG, Index 2000=100",2009,Index,89.743
201,Japan,CH4,"Total GHG, Index 2000=100",2010,Index,92.537
202,Japan,CH4,"Total GHG, Index 2000=100",2011,Index,89.84299999999999
203,Japan,CH4,"Total GHG, Index 2000=100",2012,Index,87.564
204,Japan,CH4,"Total GHG, Index 2000=100",2013,Index,86.75
205,Japan,CH4,"Total GHG, Index 2000=100",2014,Index,85.13799999999999
206,Japan,CH4,"Total GHG, Index 2000=100",2015,Index,83.085
207,Brazil,CH4,"Total GHG, Index 2000=100",1990,Index,87.486
208,Brazil,CH4,"Total GHG, Index 2000=100",1991,Index,89.71600000000001
209,Brazil,CH4,"Total GHG, Index 2000=100",1992,Index,91.12
210,Brazil,CH4,"Total GHG, Index 2000=100",1993,Index,91.728
211,Brazil,CH4,"Total GHG, Index 2000=100",1994,Index,93.537
212,Brazil,CH4,"Total GHG, Index 2000=100",1995,Index,95.581
213,Brazil,CH4,"Total GHG, Index 2000=100",1996,Index,93.272
214,Brazil,CH4,"Total GHG, Index 2000=100",1997,Index,94.59700000000001
215,Brazil,CH4,"Total GHG, Index 2000=100",1998,Index,95.611
216,Brazil,CH4,"Total GHG, Index 2000=100",1999,Index,97.163
217,Brazil,CH4,"Total GHG, Index 2000=100",2000,Index,100.0
218,Brazil,CH4,"Total GHG, Index 2000=100",2001,Index,103.37799999999999
219,Brazil,CH4,"Total GHG, Index 2000=100",2002,Index,106.294
220,Brazil,CH4,"Total GHG, Index 2000=100",2003,Index,110.926
221,Brazil,CH4,"Total GHG, Index 2000=100",2004,Index,115.551
222,Brazil,CH4,"Total GHG, Index 2000=100",2005,Index,117.824
223,Brazil,CH4,"Total GHG, Index 2000=100",2010,Index,121.65700000000001
224,Brazil,CH4,"Total GHG, Index 2000=100",2011,Index,124.322
225,Brazil,CH4,"Total GHG, Index 2000=100",2012,Index,123.95100000000001
226,United Kingdom,CH4,"Total GHG, Index 2000=100",1990,Index,121.898
227,United Kingdom,CH4,"Total GHG, Index 2000=100",1991,Index,122.60700000000001
228,United Kingdom,CH4,"Total GHG, Index 2000=100",1992,Index,122.275
229,United Kingdom,CH4,"Total GHG, Index 2000=100",1993,Index,120.795
230,United Kingdom,CH4,"Total GHG, Index 2000=100",1994,Index,114.62899999999999
231,United Kingdom,CH4,"Total GHG, Index 2000=100",1995,Index,116.031
232,United Kingdom,CH4,"Total GHG, Index 2000=100",1996,Index,115.339
233,United Kingdom,CH4,"Total GHG, Index 2000=100",1997,Index,113.089
234,United Kingdom,CH4,"Total GHG, Index 2000=100",1998,Index,109.947
235,United Kingdom,CH4,"Total GHG, Index 2000=100",1999,Index,104.931
236,United Kingdom,CH4,"Total GHG, Index 2000=100",2000,Index,100.0
237,United Kingdom,CH4,"Total GHG, Index 2000=100",2001,Index,95.53200000000001
238,United Kingdom,CH4,"Total GHG, Index 2000=100",2002,Index,93.314
239,United Kingdom,CH4,"Total GHG, Index 2000=100",2003,Index,88.689
240,United Kingdom,CH4,"Total GHG, Index 2000=100",2004,Index,84.78200000000001
241,United Kingdom,CH4,"Total GHG, Index 2000=100",2005,Index,80.479
242,United Kingdom,CH4,"Total GHG, Index 2000=100",2006,Index,77.692
243,United Kingdom,CH4,"Total GHG, Index 2000=100",2007,Index,74.779
244,United Kingdom,CH4,"Total GHG, Index 2000=100",2008,Index,69.601
245,United Kingdom,CH4,"Total GHG, Index 2000=100",2009,Index,65.187
246,United Kingdom,CH4,"Total GHG, Index 2000=100",2010,Index,61.45399999999999
247,United Kingdom,CH4,"Total GHG, Index 2000=100",2011,Index,58.851000000000006
248,United Kingdom,CH4,"Total GHG, Index 2000=100",2012,Index,56.205
249,United Kingdom,CH4,"Total GHG, Index 2000=100",2013,Index,51.515
250,United Kingdom,CH4,"Total GHG, Index 2000=100",2014,Index,48.961999999999996
251,United Kingdom,CH4,"Total GHG, Index 2000=100",2015,Index,47.37
252,Norway,CH4,"Total GHG, Index 2000=100",1990,Index,101.694
253,Norway,CH4,"Total GHG, Index 2000=100",1991,Index,101.119
254,Norway,CH4,"Total GHG, Index 2000=100",1992,Index,102.537
255,Norway,CH4,"Total GHG, Index 2000=100",1993,Index,104.24799999999999
256,Norway,CH4,"Total GHG, Index 2000=100",1994,Index,105.33200000000001
257,Norway,CH4,"Total GHG, Index 2000=100",1995,Index,103.18
258,Norway,CH4,"Total GHG, Index 2000=100",1996,Index,104.569
259,Norway,CH4,"Total GHG, Index 2000=100",1997,Index,104.49
260,Norway,CH4,"Total GHG, Index 2000=100",1998,Index,100.98899999999999
261,Norway,CH4,"Total GHG, Index 2000=100",1999,Index,98.742
262,Norway,CH4,"Total GHG, Index 2000=100",2000,Index,100.0
263,Norway,CH4,"Total GHG, Index 2000=100",2001,Index,100.663
264,Norway,CH4,"Total GHG, Index 2000=100",2002,Index,98.009
265,Norway,CH4,"Total GHG, Index 2000=100",2003,Index,99.90100000000001
266,Norway,CH4,"Total GHG, Index 2000=100",2004,Index,99.68299999999999
267,Norway,CH4,"Total GHG, Index 2000=100",2005,Index,96.235
268,Norway,CH4,"Total GHG, Index 2000=100",2006,Index,94.02
269,Norway,CH4,"Total GHG, Index 2000=100",2007,Index,96.11
270,Norway,CH4,"Total GHG, Index 2000=100",2008,Index,93.605
271,Norway,CH4,"Total GHG, Index 2000=100",2009,Index,94.307
272,Norway,CH4,"Total GHG, Index 2000=100",2010,Index,94.65
273,Norway,CH4,"Total GHG, Index 2000=100",2011,Index,91.92
274,Norway,CH4,"Total GHG, Index 2000=100",2012,Index,91.52
275,Norway,CH4,"Total GHG, Index 2000=100",2013,Index,91.941
276,Norway,CH4,"Total GHG, Index 2000=100",2014,Index,93.245
277,Norway,CH4,"Total GHG, Index 2000=100",2015,Index,91.036
278,Colombia,CH4,"Total GHG, Index 2000=100",1990,Index,72.23
279,Colombia,CH4,"Total GHG, Index 2000=100",1995,Index,86.859
280,Colombia,CH4,"Total GHG, Index 2000=100",2000,Index,100.0
281,Colombia,CH4,"Total GHG, Index 2000=100",2001,Index,104.088
282,Colombia,CH4,"Total GHG, Index 2000=100",2002,Index,106.383
283,Colombia,CH4,"Total GHG, Index 2000=100",2003,Index,109.205
284,Colombia,CH4,"Total GHG, Index 2000=100",2004,Index,111.194
285,Colombia,CH4,"Total GHG, Index 2000=100",2005,Index,119.117
286,Colombia,CH4,"Total GHG, Index 2000=100",2006,Index,120.978
287,Colombia,CH4,"Total GHG, Index 2000=100",2007,Index,126.535
288,Colombia,CH4,"Total GHG, Index 2000=100",2008,Index,134.832
289,Colombia,CH4,"Total GHG, Index 2000=100",2009,Index,140.815
290,Colombia,CH4,"Total GHG, Index 2000=100",2010,Index,144.661
291,Colombia,CH4,"Total GHG, Index 2000=100",2011,Index,148.915
292,Colombia,CH4,"Total GHG, Index 2000=100",2012,Index,149.42700000000002
293,Lithuania,CH4,"Total GHG, Index 2000=100",1990,Index,181.075
294,Lithuania,CH4,"Total GHG, Index 2000=100",1991,Index,174.959
295,Lithuania,CH4,"Total GHG, Index 2000=100",1992,Index,153.312
296,Lithuania,CH4,"Total GHG, Index 2000=100",1993,Index,134.414
297,Lithuania,CH4,"Total GHG, Index 2000=100",1994,Index,121.37299999999999
298,Lithuania,CH4,"Total GHG, Index 2000=100",1995,Index,115.345
299,Lithuania,CH4,"Total GHG, Index 2000=100",1996,Index,113.15
300,Lithuania,CH4,"Total GHG, Index 2000=100",1997,Index,113.089
301,Lithuania,CH4,"Total GHG, Index 2000=100",1998,Index,109.72399999999999
302,Lithuania,CH4,"Total GHG, Index 2000=100",1999,Index,103.385
303,Lithuania,CH4,"Total GHG, Index 2000=100",2000,Index,100.0
304,Lithuania,CH4,"Total GHG, Index 2000=100",2001,Index,98.384
305,Lithuania,CH4,"Total GHG, Index 2000=100",2002,Index,99.742
306,Lithuania,CH4,"Total GHG, Index 2000=100",2003,Index,101.035
307,Lithuania,CH4,"Total GHG, Index 2000=100",2004,Index,101.515
308,Lithuania,CH4,"Total GHG, Index 2000=100",2005,Index,101.399
309,Lithuania,CH4,"Total GHG, Index 2000=100",2006,Index,101.34899999999999
310,Lithuania,CH4,"Total GHG, Index 2000=100",2007,Index,100.428
311,Lithuania,CH4,"Total GHG, Index 2000=100",2008,Index,98.90899999999999
312,Lithuania,CH4,"Total GHG, Index 2000=100",2009,Index,96.18700000000001
313,Lithuania,CH4,"Total GHG, Index 2000=100",2010,Index,95.32700000000001
314,Lithuania,CH4,"Total GHG, Index 2000=100",2011,Index,90.928
315,Lithuania,CH4,"Total GHG, Index 2000=100",2012,Index,91.133
316,Lithuania,CH4,"Total GHG, Index 2000=100",2013,Index,89.189
317,Lithuania,CH4,"Total GHG, Index 2000=100",2014,Index,89.39299999999999
318,Lithuania,CH4,"Total GHG, Index 2000=100",2015,Index,87.92
319,Estonia,CH4,"Total GHG, Index 2000=100",1990,Index,154.15
320,Estonia,CH4,"Total GHG, Index 2000=100",1991,Index,147.65
321,Estonia,CH4,"Total GHG, Index 2000=100",1992,Index,128.07299999999998
322,Estonia,CH4,"Total GHG, Index 2000=100",1993,Index,108.631
323,Estonia,CH4,"Total GHG, Index 2000=100",1994,Index,105.13799999999999
324,Estonia,CH4,"Total GHG, Index 2000=100",1995,Index,102.01799999999999
325,Estonia,CH4,"Total GHG, Index 2000=100",1996,Index,103.06
326,Estonia,CH4,"Total GHG, Index 2000=100",1997,Index,107.415
327,Estonia,CH4,"Total GHG, Index 2000=100",1998,Index,103.823
328,Estonia,CH4,"Total GHG, Index 2000=100",1999,Index,96.885
329,Estonia,CH4,"Total GHG, Index 2000=100",2000,Index,100.0
330,Estonia,CH4,"Total GHG, Index 2000=100",2001,Index,102.833
331,Estonia,CH4,"Total GHG, Index 2000=100",2002,Index,99.346
332,Estonia,CH4,"Total GHG, Index 2000=100",2003,Index,99.486
333,Estonia,CH4,"Total GHG, Index 2000=100",2004,Index,100.5
334,Estonia,CH4,"Total GHG, Index 2000=100",2005,Index,97.539
335,Estonia,CH4,"Total GHG, Index 2000=100",2006,Index,96.26700000000001
336,Estonia,CH4,"Total GHG, Index 2000=100",2007,Index,97.302
337,Estonia,CH4,"Total GHG, Index 2000=100",2008,Index,95.801
338,Estonia,CH4,"Total GHG, Index 2000=100",2009,Index,94.12
339,Estonia,CH4,"Total GHG, Index 2000=100",2010,Index,96.56299999999999
340,Estonia,CH4,"Total GHG, Index 2000=100",2011,Index,90.979
341,Estonia,CH4,"Total GHG, Index 2000=100",2012,Index,92.522
342,Estonia,CH4,"Total GHG, Index 2000=100",2013,Index,91.87100000000001
343,Estonia,CH4,"Total GHG, Index 2000=100",2014,Index,89.315
344,Estonia,CH4,"Total GHG, Index 2000=100",2015,Index,85.493
345,Finland,CH4,"Total GHG, Index 2000=100",1990,Index,117.116
346,Finland,CH4,"Total GHG, Index 2000=100",1991,Index,116.588
347,Finland,CH4,"Total GHG, Index 2000=100",1992,Index,115.84
348,Finland,CH4,"Total GHG, Index 2000=100",1993,Index,116.353
349,Finland,CH4,"Total GHG, Index 2000=100",1994,Index,115.772
350,Finland,CH4,"Total GHG, Index 2000=100",1995,Index,112.601
351,Finland,CH4,"Total GHG, Index 2000=100",1996,Index,111.335
352,Finland,CH4,"Total GHG, Index 2000=100",1997,Index,109.98700000000001
353,Finland,CH4,"Total GHG, Index 2000=100",1998,Index,106.177
354,Finland,CH4,"Total GHG, Index 2000=100",1999,Index,103.84899999999999
355,Finland,CH4,"Total GHG, Index 2000=100",2000,Index,100.0
356,Finland,CH4,"Total GHG, Index 2000=100",2001,Index,97.845
357,Finland,CH4,"Total GHG, Index 2000=100",2002,Index,94.273
358,Finland,CH4,"Total GHG, Index 2000=100",2003,Index,91.02799999999999
359,Finland,CH4,"Total GHG, Index 2000=100",2004,Index,88.134
360,Finland,CH4,"Total GHG, Index 2000=100",2005,Index,84.296
361,Finland,CH4,"Total GHG, Index 2000=100",2006,Index,85.277
362,Finland,CH4,"Total GHG, Index 2000=100",2007,Index,83.198
363,Finland,CH4,"Total GHG, Index 2000=100",2008,Index,80.999
364,Finland,CH4,"Total GHG, Index 2000=100",2009,Index,80.178
365,Finland,CH4,"Total GHG, Index 2000=100",2010,Index,81.234
366,Finland,CH4,"Total GHG, Index 2000=100",2011,Index,78.64699999999999
367,Finland,CH4,"Total GHG, Index 2000=100",2012,Index,77.884
368,Finland,CH4,"Total GHG, Index 2000=100",2013,Index,75.85300000000001
369,Finland,CH4,"Total GHG, Index 2000=100",2014,Index,74.37
370,Finland,CH4,"Total GHG, Index 2000=100",2015,Index,73.703
371,Spain,CH4,"Total GHG, Index 2000=100",1990,Index,84.57
372,Spain,CH4,"Total GHG, Index 2000=100",1991,Index,83.321
373,Spain,CH4,"Total GHG, Index 2000=100",1992,Index,85.39200000000001
374,Spain,CH4,"Total GHG, Index 2000=100",1993,Index,85.47399999999999
375,Spain,CH4,"Total GHG, Index 2000=100",1994,Index,87.766
376,Spain,CH4,"Total GHG, Index 2000=100",1995,Index,89.686
377,Spain,CH4,"Total GHG, Index 2000=100",1996,Index,92.524
378,Spain,CH4,"Total GHG, Index 2000=100",1997,Index,94.03200000000001
379,Spain,CH4,"Total GHG, Index 2000=100",1998,Index,95.70100000000001
380,Spain,CH4,"Total GHG, Index 2000=100",1999,Index,97.05799999999999
381,Spain,CH4,"Total GHG, Index 2000=100",2000,Index,100.0
382,Spain,CH4,"Total GHG, Index 2000=100",2001,Index,101.43299999999999
383,Spain,CH4,"Total GHG, Index 2000=100",2002,Index,102.309
384,Spain,CH4,"Total GHG, Index 2000=100",2003,Index,103.272
385,Spain,CH4,"Total GHG, Index 2000=100",2004,Index,102.17200000000001
386,Spain,CH4,"Total GHG, Index 2000=100",2005,Index,100.62
387,Spain,CH4,"Total GHG, Index 2000=100",2006,Index,97.883
388,Spain,CH4,"Total GHG, Index 2000=100",2007,Index,98.99700000000001
389,Spain,CH4,"Total GHG, Index 2000=100",2008,Index,96.045
390,Spain,CH4,"Total GHG, Index 2000=100",2009,Index,100.09
391,Spain,CH4,"Total GHG, Index 2000=100",2010,Index,94.32600000000001
392,Spain,CH4,"Total GHG, Index 2000=100",2011,Index,95.509
393,Spain,CH4,"Total GHG, Index 2000=100",2012,Index,93.54899999999999
394,Spain,CH4,"Total GHG, Index 2000=100",2013,Index,91.19200000000001
395,Spain,CH4,"Total GHG, Index 2000=100",2014,Index,90.134
396,Spain,CH4,"Total GHG, Index 2000=100",2015,Index,92.226
397,Sweden,CH4,"Total GHG, Index 2000=100",1990,Index,108.34200000000001
398,Sweden,CH4,"Total GHG, Index 2000=100",1991,Index,108.37799999999999
399,Sweden,CH4,"Total GHG, Index 2000=100",1992,Index,110.42299999999999
400,Sweden,CH4,"Total GHG, Index 2000=100",1993,Index,110.18700000000001
401,Sweden,CH4,"Total GHG, Index 2000=100",1994,Index,109.23899999999999
402,Sweden,CH4,"Total GHG, Index 2000=100",1995,Index,107.93
403,Sweden,CH4,"Total GHG, Index 2000=100",1996,Index,108.17399999999999
404,Sweden,CH4,"Total GHG, Index 2000=100",1997,Index,107.09899999999999
405,Sweden,CH4,"Total GHG, Index 2000=100",1998,Index,105.262
406,Sweden,CH4,"Total GHG, Index 2000=100",1999,Index,102.42
407,Sweden,CH4,"Total GHG, Index 2000=100",2000,Index,100.0
408,Sweden,CH4,"Total GHG, Index 2000=100",2001,Index,99.021
409,Sweden,CH4,"Total GHG, Index 2000=100",2002,Index,95.516
410,Sweden,CH4,"Total GHG, Index 2000=100",2003,Index,92.727
411,Sweden,CH4,"Total GHG, Index 2000=100",2004,Index,93.162
412,Sweden,CH4,"Total GHG, Index 2000=100",2005,Index,90.681
413,Sweden,CH4,"Total GHG, Index 2000=100",2006,Index,88.95299999999999
414,Sweden,CH4,"Total GHG, Index 2000=100",2007,Index,85.37299999999999
415,Sweden,CH4,"Total GHG, Index 2000=100",2008,Index,82.031
416,Sweden,CH4,"Total GHG, Index 2000=100",2009,Index,79.741
417,Sweden,CH4,"Total GHG, Index 2000=100",2010,Index,78.107
418,Sweden,CH4,"Total GHG, Index 2000=100",2011,Index,76.294
419,Sweden,CH4,"Total GHG, Index 2000=100",2012,Index,73.87
420,Sweden,CH4,"Total GHG, Index 2000=100",2013,Index,72.47800000000001
421,Sweden,CH4,"Total GHG, Index 2000=100",2014,Index,70.581
422,Sweden,CH4,"Total GHG, Index 2000=100",2015,Index,69.097
423,Belgium,CH4,"Total GHG, Index 2000=100",1990,Index,111.206
424,Belgium,CH4,"Total GHG, Index 2000=100",1991,Index,110.79299999999999
425,Belgium,CH4,"Total GHG, Index 2000=100",1992,Index,109.757
426,Belgium,CH4,"Total GHG, Index 2000=100",1993,Index,109.251
427,Belgium,CH4,"Total GHG, Index 2000=100",1994,Index,109.54799999999999
428,Belgium,CH4,"Total GHG, Index 2000=100",1995,Index,110.292
429,Belgium,CH4,"Total GHG, Index 2000=100",1996,Index,108.961
430,Belgium,CH4,"Total GHG, Index 2000=100",1997,Index,107.94
431,Belgium,CH4,"Total GHG, Index 2000=100",1998,Index,106.434
432,Belgium,CH4,"Total GHG, Index 2000=100",1999,Index,104.071
433,Belgium,CH4,"Total GHG, Index 2000=100",2000,Index,100.0
434,Belgium,CH4,"Total GHG, Index 2000=100",2001,Index,95.92200000000001
435,Belgium,CH4,"Total GHG, Index 2000=100",2002,Index,92.022
436,Belgium,CH4,"Total GHG, Index 2000=100",2003,Index,86.695
437,Belgium,CH4,"Total GHG, Index 2000=100",2004,Index,86.19200000000001
438,Belgium,CH4,"Total GHG, Index 2000=100",2005,Index,83.973
439,Belgium,CH4,"Total GHG, Index 2000=100",2006,Index,83.11
440,Belgium,CH4,"Total GHG, Index 2000=100",2007,Index,82.67299999999999
441,Belgium,CH4,"Total GHG, Index 2000=100",2008,Index,80.755
442,Belgium,CH4,"Total GHG, Index 2000=100",2009,Index,80.143
443,Belgium,CH4,"Total GHG, Index 2000=100",2010,Index,79.682
444,Belgium,CH4,"Total GHG, Index 2000=100",2011,Index,77.333
445,Belgium,CH4,"Total GHG, Index 2000=100",2012,Index,76.126
446,Belgium,CH4,"Total GHG, Index 2000=100",2013,Index,74.86
447,Belgium,CH4,"Total GHG, Index 2000=100",2014,Index,74.122
448,Belgium,CH4,"Total GHG, Index 2000=100",2015,Index,73.457
449,New Zealand,CH4,"Total GHG, Index 2000=100",1990,Index,92.13799999999999
450,New Zealand,CH4,"Total GHG, Index 2000=100",1991,Index,92.741
451,New Zealand,CH4,"Total GHG, Index 2000=100",1992,Index,91.887
452,New Zealand,CH4,"Total GHG, Index 2000=100",1993,Index,91.98899999999999
453,New Zealand,CH4,"Total GHG, Index 2000=100",1994,Index,94.009
454,New Zealand,CH4,"Total GHG, Index 2000=100",1995,Index,95.184
455,New Zealand,CH4,"Total GHG, Index 2000=100",1996,Index,96.919
456,New Zealand,CH4,"Total GHG, Index 2000=100",1997,Index,98.69200000000001
457,New Zealand,CH4,"Total GHG, Index 2000=100",1998,Index,96.694
458,New Zealand,CH4,"Total GHG, Index 2000=100",1999,Index,97.564
459,New Zealand,CH4,"Total GHG, Index 2000=100",2000,Index,100.0
460,New Zealand,CH4,"Total GHG, Index 2000=100",2001,Index,100.554
461,New Zealand,CH4,"Total GHG, Index 2000=100",2002,Index,100.395
462,New Zealand,CH4,"Total GHG, Index 2000=100",2003,Index,101.02600000000001
463,New Zealand,CH4,"Total GHG, Index 2000=100",2004,Index,100.839
464,New Zealand,CH4,"Total GHG, Index 2000=100",2005,Index,101.619
465,New Zealand,CH4,"Total GHG, Index 2000=100",2006,Index,102.041
466,New Zealand,CH4,"Total GHG, Index 2000=100",2007,Index,98.478
467,New Zealand,CH4,"Total GHG, Index 2000=100",2008,Index,95.47200000000001
468,New Zealand,CH4,"Total GHG, Index 2000=100",2009,Index,96.56200000000001
469,New Zealand,CH4,"Total GHG, Index 2000=100",2010,Index,96.458
470,New Zealand,CH4,"Total GHG, Index 2000=100",2011,Index,96.795
471,New Zealand,CH4,"Total GHG, Index 2000=100",2012,Index,98.1
472,New Zealand,CH4,"Total GHG, Index 2000=100",2013,Index,98.04899999999999
473,New Zealand,CH4,"Total GHG, Index 2000=100",2014,Index,98.59299999999999
474,New Zealand,CH4,"Total GHG, Index 2000=100",2015,Index,96.869
475,Slovenia,CH4,"Total GHG, Index 2000=100",1990,Index,100.506
476,Slovenia,CH4,"Total GHG, Index 2000=100",1991,Index,96.96799999999999
477,Slovenia,CH4,"Total GHG, Index 2000=100",1992,Index,98.819
478,Slovenia,CH4,"Total GHG, Index 2000=100",1993,Index,95.725
479,Slovenia,CH4,"Total GHG, Index 2000=100",1994,Index,95.59100000000001
480,Slovenia,CH4,"Total GHG, Index 2000=100",1995,Index,96.736
481,Slovenia,CH4,"Total GHG, Index 2000=100",1996,Index,95.09700000000001
482,Slovenia,CH4,"Total GHG, Index 2000=100",1997,Index,94.81299999999999
483,Slovenia,CH4,"Total GHG, Index 2000=100",1998,Index,96.396
484,Slovenia,CH4,"Total GHG, Index 2000=100",1999,Index,96.525
485,Slovenia,CH4,"Total GHG, Index 2000=100",2000,Index,100.0
486,Slovenia,CH4,"Total GHG, Index 2000=100",2001,Index,98.493
487,Slovenia,CH4,"Total GHG, Index 2000=100",2002,Index,102.307
488,Slovenia,CH4,"Total GHG, Index 2000=100",2003,Index,100.416
489,Slovenia,CH4,"Total GHG, Index 2000=100",2004,Index,99.426
490,Slovenia,CH4,"Total GHG, Index 2000=100",2005,Index,98.669
491,Slovenia,CH4,"Total GHG, Index 2000=100",2006,Index,96.721
492,Slovenia,CH4,"Total GHG, Index 2000=100",2007,Index,96.779
493,Slovenia,CH4,"Total GHG, Index 2000=100",2008,Index,91.022
494,Slovenia,CH4,"Total GHG, Index 2000=100",2009,Index,89.37899999999999
495,Slovenia,CH4,"Total GHG, Index 2000=100",2010,Index,88.681
496,Slovenia,CH4,"Total GHG, Index 2000=100",2011,Index,88.469
497,Slovenia,CH4,"Total GHG, Index 2000=100",2012,Index,86.353
498,Slovenia,CH4,"Total GHG, Index 2000=100",2013,Index,84.572
499,Slovenia,CH4,"Total GHG, Index 2000=100",2014,Index,80.572
500,Slovenia,CH4,"Total GHG, Index 2000=100",2015,Index,82.87
501,Austria,CH4,"Total GHG, Index 2000=100",1990,Index,124.46700000000001
502,Austria,CH4,"Total GHG, Index 2000=100",1991,Index,123.29799999999999
503,Austria,CH4,"Total GHG, Index 2000=100",1992,Index,119.823
504,Austria,CH4,"Total GHG, Index 2000=100",1993,Index,118.662
505,Austria,CH4,"Total GHG, Index 2000=100",1994,Index,115.17
506,Austria,CH4,"Total GHG, Index 2000=100",1995,Index,114.113
507,Austria,CH4,"Total GHG, Index 2000=100",1996,Index,110.78299999999999
508,Austria,CH4,"Total GHG, Index 2000=100",1997,Index,106.323
509,Austria,CH4,"Total GHG, Index 2000=100",1998,Index,104.211
510,Austria,CH4,"Total GHG, Index 2000=100",1999,Index,102.134
511,Austria,CH4,"Total GHG, Index 2000=100",2000,Index,100.0
512,Austria,CH4,"Total GHG, Index 2000=100",2001,Index,97.99700000000001
513,Austria,CH4,"Total GHG, Index 2000=100",2002,Index,96.189
514,Austria,CH4,"Total GHG, Index 2000=100",2003,Index,95.363
515,Austria,CH4,"Total GHG, Index 2000=100",2004,Index,95.295
516,Austria,CH4,"Total GHG, Index 2000=100",2005,Index,92.436
517,Austria,CH4,"Total GHG, Index 2000=100",2006,Index,90.845
518,Austria,CH4,"Total GHG, Index 2000=100",2007,Index,89.345
519,Austria,CH4,"Total GHG, Index 2000=100",2008,Index,87.71799999999999
520,Austria,CH4,"Total GHG, Index 2000=100",2009,Index,86.571
521,Austria,CH4,"Total GHG, Index 2000=100",2010,Index,85.361
522,Austria,CH4,"Total GHG, Index 2000=100",2011,Index,82.867
523,Austria,CH4,"Total GHG, Index 2000=100",2012,Index,81.487
524,Austria,CH4,"Total GHG, Index 2000=100",2013,Index,80.35600000000001
525,Austria,CH4,"Total GHG, Index 2000=100",2014,Index,78.72
526,Austria,CH4,"Total GHG, Index 2000=100",2015,Index,77.835
527,Turkey,CH4,"Total GHG, Index 2000=100",1990,Index,97.529
528,Turkey,CH4,"Total GHG, Index 2000=100",1991,Index,99.79700000000001
529,Turkey,CH4,"Total GHG, Index 2000=100",1992,Index,99.48700000000001
530,Turkey,CH4,"Total GHG, Index 2000=100",1993,Index,99.152
531,Turkey,CH4,"Total GHG, Index 2000=100",1994,Index,98.199
532,Turkey,CH4,"Total GHG, Index 2000=100",1995,Index,97.506
533,Turkey,CH4,"Total GHG, Index 2000=100",1996,Index,98.14399999999999
534,Turkey,CH4,"Total GHG, Index 2000=100",1997,Index,96.34899999999999
535,Turkey,CH4,"Total GHG, Index 2000=100",1998,Index,96.60700000000001
536,Turkey,CH4,"Total GHG, Index 2000=100",1999,Index,100.069
537,Turkey,CH4,"Total GHG, Index 2000=100",2000,Index,100.0
538,Turkey,CH4,"Total GHG, Index 2000=100",2001,Index,98.96
539,Turkey,CH4,"Total GHG, Index 2000=100",2002,Index,94.296
540,Turkey,CH4,"Total GHG, Index 2000=100",2003,Index,99.499
541,Turkey,CH4,"Total GHG, Index 2000=100",2004,Index,101.12100000000001
542,Turkey,CH4,"Total GHG, Index 2000=100",2005,Index,104.92299999999999
543,Turkey,CH4,"Total GHG, Index 2000=100",2006,Index,108.552
544,Turkey,CH4,"Total GHG, Index 2000=100",2007,Index,114.149
545,Turkey,CH4,"Total GHG, Index 2000=100",2008,Index,116.61
546,Turkey,CH4,"Total GHG, Index 2000=100",2009,Index,116.11399999999999
547,Turkey,CH4,"Total GHG, Index 2000=100",2010,Index,121.118
548,Turkey,CH4,"Total GHG, Index 2000=100",2011,Index,126.34899999999999
549,Turkey,CH4,"Total GHG, Index 2000=100",2012,Index,134.265
550,Turkey,CH4,"Total GHG, Index 2000=100",2013,Index,131.45
551,Turkey,CH4,"Total GHG, Index 2000=100",2014,Index,134.39600000000002
552,Turkey,CH4,"Total GHG, Index 2000=100",2015,Index,121.639
553,Italy,CH4,"Total GHG, Index 2000=100",1990,Index,102.213
554,Italy,CH4,"Total GHG, Index 2000=100",1991,Index,104.712
555,Italy,CH4,"Total GHG, Index 2000=100",1992,Index,97.321
556,Italy,CH4,"Total GHG, Index 2000=100",1993,Index,95.70700000000001
557,Italy,CH4,"Total GHG, Index 2000=100",1994,Index,96.611
558,Italy,CH4,"Total GHG, Index 2000=100",1995,Index,98.36399999999999
559,Italy,CH4,"Total GHG, Index 2000=100",1996,Index,100.333
560,Italy,CH4,"Total GHG, Index 2000=100",1997,Index,100.425
561,Italy,CH4,"Total GHG, Index 2000=100",1998,Index,99.43700000000001
562,Italy,CH4,"Total GHG, Index 2000=100",1999,Index,99.65899999999999
563,Italy,CH4,"Total GHG, Index 2000=100",2000,Index,100.0
564,Italy,CH4,"Total GHG, Index 2000=100",2001,Index,100.78299999999999
565,Italy,CH4,"Total GHG, Index 2000=100",2002,Index,97.993
566,Italy,CH4,"Total GHG, Index 2000=100",2003,Index,98.26799999999999
567,Italy,CH4,"Total GHG, Index 2000=100",2004,Index,95.01
568,Italy,CH4,"Total GHG, Index 2000=100",2005,Index,96.064
569,Italy,CH4,"Total GHG, Index 2000=100",2006,Index,93.425
570,Italy,CH4,"Total GHG, Index 2000=100",2007,Index,94.275
571,Italy,CH4,"Total GHG, Index 2000=100",2008,Index,93.544
572,Italy,CH4,"Total GHG, Index 2000=100",2009,Index,92.432
573,Italy,CH4,"Total GHG, Index 2000=100",2010,Index,91.759
574,Italy,CH4,"Total GHG, Index 2000=100",2011,Index,88.499
575,Italy,CH4,"Total GHG, Index 2000=100",2012,Index,89.615
576,Italy,CH4,"Total GHG, Index 2000=100",2013,Index,85.469
577,Italy,CH4,"Total GHG, Index 2000=100",2014,Index,83.337
578,Italy,CH4,"Total GHG, Index 2000=100",2015,Index,81.428
579,Israel,CH4,"Total GHG, Index 2000=100",1996,Index,90.601
580,Israel,CH4,"Total GHG, Index 2000=100",2000,Index,100.0
581,Israel,CH4,"Total GHG, Index 2000=100",2003,Index,126.07700000000001
582,Israel,CH4,"Total GHG, Index 2000=100",2004,Index,133.386
583,Israel,CH4,"Total GHG, Index 2000=100",2005,Index,141.099
584,Israel,CH4,"Total GHG, Index 2000=100",2006,Index,148.881
585,Israel,CH4,"Total GHG, Index 2000=100",2007,Index,155.059
586,Israel,CH4,"Total GHG, Index 2000=100",2008,Index,160.838
587,Israel,CH4,"Total GHG, Index 2000=100",2009,Index,164.01
588,Israel,CH4,"Total GHG, Index 2000=100",2010,Index,172.483
589,Israel,CH4,"Total GHG, Index 2000=100",2011,Index,172.847
590,Israel,CH4,"Total GHG, Index 2000=100",2012,Index,178.255
591,Israel,CH4,"Total GHG, Index 2000=100",2013,Index,179.046
592,Israel,CH4,"Total GHG, Index 2000=100",2014,Index,182.512
593,Slovak Republic,CH4,"Total GHG, Index 2000=100",1990,Index,134.42
594,Slovak Republic,CH4,"Total GHG, Index 2000=100",1991,Index,129.114
595,Slovak Republic,CH4,"Total GHG, Index 2000=100",1992,Index,122.64200000000001
596,Slovak Republic,CH4,"Total GHG, Index 2000=100",1993,Index,114.866
597,Slovak Republic,CH4,"Total GHG, Index 2000=100",1994,Index,111.25200000000001
598,Slovak Republic,CH4,"Total GHG, Index 2000=100",1995,Index,112.24
599,Slovak Republic,CH4,"Total GHG, Index 2000=100",1996,Index,111.74
600,Slovak Republic,CH4,"Total GHG, Index 2000=100",1997,Index,106.85700000000001
601,Slovak Republic,CH4,"Total GHG, Index 2000=100",1998,Index,104.96600000000001
602,Slovak Republic,CH4,"Total GHG, Index 2000=100",1999,Index,104.14200000000001
603,Slovak Republic,CH4,"Total GHG, Index 2000=100",2000,Index,100.0
604,Slovak Republic,CH4,"Total GHG, Index 2000=100",2001,Index,98.266
605,Slovak Republic,CH4,"Total GHG, Index 2000=100",2002,Index,96.059
606,Slovak Republic,CH4,"Total GHG, Index 2000=100",2003,Index,94.12700000000001
607,Slovak Republic,CH4,"Total GHG, Index 2000=100",2004,Index,93.821
608,Slovak Republic,CH4,"Total GHG, Index 2000=100",2005,Index,93.82
609,Slovak Republic,CH4,"Total GHG, Index 2000=100",2006,Index,90.31700000000001
610,Slovak Republic,CH4,"Total GHG, Index 2000=100",2007,Index,87.91799999999999
611,Slovak Republic,CH4,"Total GHG, Index 2000=100",2008,Index,92.671
612,Slovak Republic,CH4,"Total GHG, Index 2000=100",2009,Index,83.87700000000001
613,Slovak Republic,CH4,"Total GHG, Index 2000=100",2010,Index,84.60700000000001
614,Slovak Republic,CH4,"Total GHG, Index 2000=100",2011,Index,85.962
615,Slovak Republic,CH4,"Total GHG, Index 2000=100",2012,Index,78.891
616,Slovak Republic,CH4,"Total GHG, Index 2000=100",2013,Index,81.559
617,Slovak Republic,CH4,"Total GHG, Index 2000=100",2014,Index,78.725
618,Slovak Republic,CH4,"Total GHG, Index 2000=100",2015,Index,81.273
619,Indonesia,CH4,"Total GHG, Index 2000=100",1990,Index,44.9
620,Indonesia,CH4,"Total GHG, Index 2000=100",1991,Index,50.58
621,Indonesia,CH4,"Total GHG, Index 2000=100",1992,Index,51.771
622,Indonesia,CH4,"Total GHG, Index 2000=100",1993,Index,52.578
623,Indonesia,CH4,"Total GHG, Index 2000=100",1994,Index,53.688
624,Indonesia,CH4,"Total GHG, Index 2000=100",2000,Index,100.0
625,Denmark,CH4,"Total GHG, Index 2000=100",1990,Index,96.44200000000001
626,Denmark,CH4,"Total GHG, Index 2000=100",1991,Index,98.816
627,Denmark,CH4,"Total GHG, Index 2000=100",1992,Index,99.79799999999999
628,Denmark,CH4,"Total GHG, Index 2000=100",1993,Index,102.241
629,Denmark,CH4,"Total GHG, Index 2000=100",1994,Index,100.88
630,Denmark,CH4,"Total GHG, Index 2000=100",1995,Index,101.823
631,Denmark,CH4,"Total GHG, Index 2000=100",1996,Index,103.255
632,Denmark,CH4,"Total GHG, Index 2000=100",1997,Index,101.87899999999999
633,Denmark,CH4,"Total GHG, Index 2000=100",1998,Index,102.572
634,Denmark,CH4,"Total GHG, Index 2000=100",1999,Index,101.37299999999999
635,Denmark,CH4,"Total GHG, Index 2000=100",2000,Index,100.0
636,Denmark,CH4,"Total GHG, Index 2000=100",2001,Index,102.99600000000001
637,Denmark,CH4,"Total GHG, Index 2000=100",2002,Index,102.081
638,Denmark,CH4,"Total GHG, Index 2000=100",2003,Index,102.15799999999999
639,Denmark,CH4,"Total GHG, Index 2000=100",2004,Index,99.959
640,Denmark,CH4,"Total GHG, Index 2000=100",2005,Index,97.01799999999999
641,Denmark,CH4,"Total GHG, Index 2000=100",2006,Index,95.80799999999999
642,Denmark,CH4,"Total GHG, Index 2000=100",2007,Index,95.61399999999999
643,Denmark,CH4,"Total GHG, Index 2000=100",2008,Index,93.961
644,Denmark,CH4,"Total GHG, Index 2000=100",2009,Index,92.141
645,Denmark,CH4,"Total GHG, Index 2000=100",2010,Index,92.929
646,Denmark,CH4,"Total GHG, Index 2000=100",2011,Index,90.887
647,Denmark,CH4,"Total GHG, Index 2000=100",2012,Index,89.279
648,Denmark,CH4,"Total GHG, Index 2000=100",2013,Index,87.93299999999999
649,Denmark,CH4,"Total GHG, Index 2000=100",2014,Index,87.87899999999999
650,Denmark,CH4,"Total GHG, Index 2000=100",2015,Index,86.63799999999999
651,Switzerland,CH4,"Total GHG, Index 2000=100",1990,Index,113.09299999999999
652,Switzerland,CH4,"Total GHG, Index 2000=100",1991,Index,111.866
653,Switzerland,CH4,"Total GHG, Index 2000=100",1992,Index,110.334
654,Switzerland,CH4,"Total GHG, Index 2000=100",1993,Index,108.29700000000001
655,Switzerland,CH4,"Total GHG, Index 2000=100",1994,Index,107.329
656,Switzerland,CH4,"Total GHG, Index 2000=100",1995,Index,107.166
657,Switzerland,CH4,"Total GHG, Index 2000=100",1996,Index,106.441
658,Switzerland,CH4,"Total GHG, Index 2000=100",1997,Index,103.806
659,Switzerland,CH4,"Total GHG, Index 2000=100",1998,Index,102.51899999999999
660,Switzerland,CH4,"Total GHG, Index 2000=100",1999,Index,100.62899999999999
661,Switzerland,CH4,"Total GHG, Index 2000=100",2000,Index,100.0
662,Switzerland,CH4,"Total GHG, Index 2000=100",2001,Index,100.73299999999999
663,Switzerland,CH4,"Total GHG, Index 2000=100",2002,Index,100.096
664,Switzerland,CH4,"Total GHG, Index 2000=100",2003,Index,98.65100000000001
665,Switzerland,CH4,"Total GHG, Index 2000=100",2004,Index,98.052
666,Switzerland,CH4,"Total GHG, Index 2000=100",2005,Index,98.36
667,Switzerland,CH4,"Total GHG, Index 2000=100",2006,Index,98.61399999999999
668,Switzerland,CH4,"Total GHG, Index 2000=100",2007,Index,98.238
669,Switzerland,CH4,"Total GHG, Index 2000=100",2008,Index,99.684
670,Switzerland,CH4,"Total GHG, Index 2000=100",2009,Index,98.135
671,Switzerland,CH4,"Total GHG, Index 2000=100",2010,Index,97.781
672,Switzerland,CH4,"Total GHG, Index 2000=100",2011,Index,96.69
673,Switzerland,CH4,"Total GHG, Index 2000=100",2012,Index,95.99
674,Switzerland,CH4,"Total GHG, Index 2000=100",2013,Index,94.86
675,Switzerland,CH4,"Total GHG, Index 2000=100",2014,Index,94.90299999999999
676,Switzerland,CH4,"Total GHG, Index 2000=100",2015,Index,94.25
677,India,CH4,"Total GHG, Index 2000=100",1994,Index,93.212
678,India,CH4,"Total GHG, Index 2000=100",2000,Index,100.0
679,Germany,CH4,"Total GHG, Index 2000=100",1990,Index,137.108
680,Germany,CH4,"Total GHG, Index 2000=100",1991,Index,130.382
681,Germany,CH4,"Total GHG, Index 2000=100",1992,Index,126.199
682,Germany,CH4,"Total GHG, Index 2000=100",1993,Index,126.79799999999999
683,Germany,CH4,"Total GHG, Index 2000=100",1994,Index,122.294
684,Germany,CH4,"Total GHG, Index 2000=100",1995,Index,119.631
685,Germany,CH4,"Total GHG, Index 2000=100",1996,Index,116.63
686,Germany,CH4,"Total GHG, Index 2000=100",1997,Index,111.667
687,Germany,CH4,"Total GHG, Index 2000=100",1998,Index,105.65299999999999
688,Germany,CH4,"Total GHG, Index 2000=100",1999,Index,104.926
689,Germany,CH4,"Total GHG, Index 2000=100",2000,Index,100.0
690,Germany,CH4,"Total GHG, Index 2000=100",2001,Index,95.846
691,Germany,CH4,"Total GHG, Index 2000=100",2002,Index,91.337
692,Germany,CH4,"Total GHG, Index 2000=100",2003,Index,87.506
693,Germany,CH4,"Total GHG, Index 2000=100",2004,Index,81.76
694,Germany,CH4,"Total GHG, Index 2000=100",2005,Index,78.05
695,Germany,CH4,"Total GHG, Index 2000=100",2006,Index,73.59899999999999
696,Germany,CH4,"Total GHG, Index 2000=100",2007,Index,70.979
697,Germany,CH4,"Total GHG, Index 2000=100",2008,Index,69.906
698,Germany,CH4,"Total GHG, Index 2000=100",2009,Index,67.362
699,Germany,CH4,"Total GHG, Index 2000=100",2010,Index,66.403
700,Germany,CH4,"Total GHG, Index 2000=100",2011,Index,65.122
701,Germany,CH4,"Total GHG, Index 2000=100",2012,Index,65.854
702,Germany,CH4,"Total GHG, Index 2000=100",2013,Index,65.163
703,Germany,CH4,"Total GHG, Index 2000=100",2014,Index,63.838
704,Germany,CH4,"Total GHG, Index 2000=100",2015,Index,63.39
705,Ireland,CH4,"Total GHG, Index 2000=100",1990,Index,103.57700000000001
706,Ireland,CH4,"Total GHG, Index 2000=100",1991,Index,104.738
707,Ireland,CH4,"Total GHG, Index 2000=100",1992,Index,105.456
708,Ireland,CH4,"Total GHG, Index 2000=100",1993,Index,105.471
709,Ireland,CH4,"Total GHG, Index 2000=100",1994,Index,104.874
710,Ireland,CH4,"Total GHG, Index 2000=100",1995,Index,104.93
711,Ireland,CH4,"Total GHG, Index 2000=100",1996,Index,106.531
712,Ireland,CH4,"Total GHG, Index 2000=100",1997,Index,106.28200000000001
713,Ireland,CH4,"Total GHG, Index 2000=100",1998,Index,107.809
714,Ireland,CH4,"Total GHG, Index 2000=100",1999,Index,104.22200000000001
715,Ireland,CH4,"Total GHG, Index 2000=100",2000,Index,100.0
716,Ireland,CH4,"Total GHG, Index 2000=100",2001,Index,100.101
717,Ireland,CH4,"Total GHG, Index 2000=100",2002,Index,99.387
718,Ireland,CH4,"Total GHG, Index 2000=100",2003,Index,103.601
719,Ireland,CH4,"Total GHG, Index 2000=100",2004,Index,96.825
720,Ireland,CH4,"Total GHG, Index 2000=100",2005,Index,94.535
721,Ireland,CH4,"Total GHG, Index 2000=100",2006,Index,94.19
722,Ireland,CH4,"Total GHG, Index 2000=100",2007,Index,89.572
723,Ireland,CH4,"Total GHG, Index 2000=100",2008,Index,88.189
724,Ireland,CH4,"Total GHG, Index 2000=100",2009,Index,85.586
725,Ireland,CH4,"Total GHG, Index 2000=100",2010,Index,83.82600000000001
726,Ireland,CH4,"Total GHG, Index 2000=100",2011,Index,83.51700000000001
727,Ireland,CH4,"Total GHG, Index 2000=100",2012,Index,85.611
728,Ireland,CH4,"Total GHG, Index 2000=100",2013,Index,87.911
729,Ireland,CH4,"Total GHG, Index 2000=100",2014,Index,90.12899999999999
730,Ireland,CH4,"Total GHG, Index 2000=100",2015,Index,92.802
731,Greece,CH4,"Total GHG, Index 2000=100",1990,Index,93.789
732,Greece,CH4,"Total GHG, Index 2000=100",1991,Index,93.897
733,Greece,CH4,"Total GHG, Index 2000=100",1992,Index,94.712
734,Greece,CH4,"Total GHG, Index 2000=100",1993,Index,94.925
735,Greece,CH4,"Total GHG, Index 2000=100",1994,Index,95.87100000000001
736,Greece,CH4,"Total GHG, Index 2000=100",1995,Index,97.2
737,Greece,CH4,"Total GHG, Index 2000=100",1996,Index,98.649
738,Greece,CH4,"Total GHG, Index 2000=100",1997,Index,98.20100000000001
739,Greece,CH4,"Total GHG, Index 2000=100",1998,Index,100.1
740,Greece,CH4,"Total GHG, Index 2000=100",1999,Index,100.04700000000001
741,Greece,CH4,"Total GHG, Index 2000=100",2000,Index,100.0
742,Greece,CH4,"Total GHG, Index 2000=100",2001,Index,94.056
743,Greece,CH4,"Total GHG, Index 2000=100",2002,Index,94.795
744,Greece,CH4,"Total GHG, Index 2000=100",2003,Index,95.60799999999999
745,Greece,CH4,"Total GHG, Index 2000=100",2004,Index,95.92
746,Greece,CH4,"Total GHG, Index 2000=100",2005,Index,96.61399999999999
747,Greece,CH4,"Total GHG, Index 2000=100",2006,Index,97.134
748,Greece,CH4,"Total GHG, Index 2000=100",2007,Index,95.836
749,Greece,CH4,"Total GHG, Index 2000=100",2008,Index,95.384
750,Greece,CH4,"Total GHG, Index 2000=100",2009,Index,92.416
751,Greece,CH4,"Total GHG, Index 2000=100",2010,Index,94.35600000000001
752,Greece,CH4,"Total GHG, Index 2000=100",2011,Index,92.82
753,Greece,CH4,"Total GHG, Index 2000=100",2012,Index,91.111
754,Greece,CH4,"Total GHG, Index 2000=100",2013,Index,89.321
755,Greece,CH4,"Total GHG, Index 2000=100",2014,Index,88.68299999999999
756,Greece,CH4,"Total GHG, Index 2000=100",2015,Index,87.87100000000001
757,Chile,CH4,"Total GHG, Index 2000=100",1990,Index,93.197
758,Chile,CH4,"Total GHG, Index 2000=100",1991,Index,91.495
759,Chile,CH4,"Total GHG, Index 2000=100",1992,Index,91.75
760,Chile,CH4,"Total GHG, Index 2000=100",1993,Index,91.807
761,Chile,CH4,"Total GHG, Index 2000=100",1994,Index,93.219
762,Chile,CH4,"Total GHG, Index 2000=100",1995,Index,93.191
763,Chile,CH4,"Total GHG, Index 2000=100",1996,Index,94.412
764,Chile,CH4,"Total GHG, Index 2000=100",1997,Index,95.695
765,Chile,CH4,"Total GHG, Index 2000=100",1998,Index,96.088
766,Chile,CH4,"Total GHG, Index 2000=100",1999,Index,97.479
767,Chile,CH4,"Total GHG, Index 2000=100",2000,Index,100.0
768,Chile,CH4,"Total GHG, Index 2000=100",2001,Index,101.42399999999999
769,Chile,CH4,"Total GHG, Index 2000=100",2002,Index,101.29799999999999
770,Chile,CH4,"Total GHG, Index 2000=100",2003,Index,102.55
771,Chile,CH4,"Total GHG, Index 2000=100",2004,Index,104.637
772,Chile,CH4,"Total GHG, Index 2000=100",2005,Index,107.228
773,Chile,CH4,"Total GHG, Index 2000=100",2006,Index,105.006
774,Chile,CH4,"Total GHG, Index 2000=100",2007,Index,99.814
775,Chile,CH4,"Total GHG, Index 2000=100",2008,Index,95.682
776,Chile,CH4,"Total GHG, Index 2000=100",2009,Index,93.507
777,Chile,CH4,"Total GHG, Index 2000=100",2010,Index,92.868
778,Chile,CH4,"Total GHG, Index 2000=100",2011,Index,93.01
779,Chile,CH4,"Total GHG, Index 2000=100",2012,Index,97.06200000000001
780,Chile,CH4,"Total GHG, Index 2000=100",2013,Index,102.92299999999999
781,Netherlands,CH4,"Total GHG, Index 2000=100",1990,Index,128.8
782,Netherlands,CH4,"Total GHG, Index 2000=100",1991,Index,130.428
783,Netherlands,CH4,"Total GHG, Index 2000=100",1992,Index,128.846
784,Netherlands,CH4,"Total GHG, Index 2000=100",1993,Index,127.97200000000001
785,Netherlands,CH4,"Total GHG, Index 2000=100",1994,Index,123.836
786,Netherlands,CH4,"Total GHG, Index 2000=100",1995,Index,120.89399999999999
787,Netherlands,CH4,"Total GHG, Index 2000=100",1996,Index,118.12100000000001
788,Netherlands,CH4,"Total GHG, Index 2000=100",1997,Index,114.494
789,Netherlands,CH4,"Total GHG, Index 2000=100",1998,Index,109.51100000000001
790,Netherlands,CH4,"Total GHG, Index 2000=100",1999,Index,104.535
791,Netherlands,CH4,"Total GHG, Index 2000=100",2000,Index,100.0
792,Netherlands,CH4,"Total GHG, Index 2000=100",2001,Index,96.085
793,Netherlands,CH4,"Total GHG, Index 2000=100",2002,Index,90.37200000000001
794,Netherlands,CH4,"Total GHG, Index 2000=100",2003,Index,86.274
795,Netherlands,CH4,"Total GHG, Index 2000=100",2004,Index,83.72200000000001
796,Netherlands,CH4,"Total GHG, Index 2000=100",2005,Index,81.57300000000001
797,Netherlands,CH4,"Total GHG, Index 2000=100",2006,Index,79.945
798,Netherlands,CH4,"Total GHG, Index 2000=100",2007,Index,80.419
799,Netherlands,CH4,"Total GHG, Index 2000=100",2008,Index,81.101
800,Netherlands,CH4,"Total GHG, Index 2000=100",2009,Index,80.344
801,Netherlands,CH4,"Total GHG, Index 2000=100",2010,Index,80.175
802,Netherlands,CH4,"Total GHG, Index 2000=100",2011,Index,77.94
803,Netherlands,CH4,"Total GHG, Index 2000=100",2012,Index,76.42
804,Netherlands,CH4,"Total GHG, Index 2000=100",2013,Index,76.37100000000001
805,Netherlands,CH4,"Total GHG, Index 2000=100",2014,Index,74.867
806,Netherlands,CH4,"Total GHG, Index 2000=100",2015,Index,75.729
807,OECD - Total,CH4,"Total GHG, Index 2000=100",1990,Index,107.95299999999999
808,OECD - Total,CH4,"Total GHG, Index 2000=100",1991,Index,107.648
809,OECD - Total,CH4,"Total GHG, Index 2000=100",1992,Index,107.00399999999999
810,OECD - Total,CH4,"Total GHG, Index 2000=100",1993,Index,105.775
811,OECD - Total,CH4,"Total GHG, Index 2000=100",1994,Index,105.559
812,OECD - Total,CH4,"Total GHG, Index 2000=100",1995,Index,105.055
813,OECD - Total,CH4,"Total GHG, Index 2000=100",1996,Index,104.916
814,OECD - Total,CH4,"Total GHG, Index 2000=100",1997,Index,103.794
815,OECD - Total,CH4,"Total GHG, Index 2000=100",1998,Index,102.236
816,OECD - Total,CH4,"Total GHG, Index 2000=100",1999,Index,100.932
817,OECD - Total,CH4,"Total GHG, Index 2000=100",2000,Index,100.0
818,OECD - Total,CH4,"Total GHG, Index 2000=100",2001,Index,98.81299999999999
819,OECD - Total,CH4,"Total GHG, Index 2000=100",2002,Index,97.10799999999999
820,OECD - Total,CH4,"Total GHG, Index 2000=100",2003,Index,96.46799999999999
821,OECD - Total,CH4,"Total GHG, Index 2000=100",2004,Index,95.292
822,OECD - Total,CH4,"Total GHG, Index 2000=100",2005,Index,95.596
823,OECD - Total,CH4,"Total GHG, Index 2000=100",2006,Index,95.559
824,OECD - Total,CH4,"Total GHG, Index 2000=100",2007,Index,95.538
825,OECD - Total,CH4,"Total GHG, Index 2000=100",2008,Index,95.705
826,OECD - Total,CH4,"Total GHG, Index 2000=100",2009,Index,94.87899999999999
827,OECD - Total,CH4,"Total GHG, Index 2000=100",2010,Index,94.539
828,OECD - Total,CH4,"Total GHG, Index 2000=100",2011,Index,92.583
829,OECD - Total,CH4,"Total GHG, Index 2000=100",2012,Index,92.339
830,OECD - Total,CH4,"Total GHG, Index 2000=100",2013,Index,89.355
831,OECD - Total,CH4,"Total GHG, Index 2000=100",2014,Index,88.97200000000001
832,OECD - Total,CH4,"Total GHG, Index 2000=100",2015,Index,88.111
833,Mexico,CH4,"Total GHG, Index 2000=100",1990,Index,87.506
834,Mexico,CH4,"Total GHG, Index 2000=100",1991,Index,86.009
835,Mexico,CH4,"Total GHG, Index 2000=100",1992,Index,84.945
836,Mexico,CH4,"Total GHG, Index 2000=100",1993,Index,88.704
837,Mexico,CH4,"Total GHG, Index 2000=100",1994,Index,89.87799999999999
838,Mexico,CH4,"Total GHG, Index 2000=100",1995,Index,89.0
839,Mexico,CH4,"Total GHG, Index 2000=100",1996,Index,93.523
840,Mexico,CH4,"Total GHG, Index 2000=100",1997,Index,95.084
841,Mexico,CH4,"Total GHG, Index 2000=100",1998,Index,97.37200000000001
842,Mexico,CH4,"Total GHG, Index 2000=100",1999,Index,98.74
843,Mexico,CH4,"Total GHG, Index 2000=100",2000,Index,100.0
844,Mexico,CH4,"Total GHG, Index 2000=100",2001,Index,99.053
845,Mexico,CH4,"Total GHG, Index 2000=100",2002,Index,100.805
846,Mexico,CH4,"Total GHG, Index 2000=100",2003,Index,103.473
847,Mexico,CH4,"Total GHG, Index 2000=100",2004,Index,103.979
848,Mexico,CH4,"Total GHG, Index 2000=100",2005,Index,111.288
849,Mexico,CH4,"Total GHG, Index 2000=100",2006,Index,119.35600000000001
850,Mexico,CH4,"Total GHG, Index 2000=100",2007,Index,123.98899999999999
851,Mexico,CH4,"Total GHG, Index 2000=100",2008,Index,133.058
852,Mexico,CH4,"Total GHG, Index 2000=100",2009,Index,139.088
853,Mexico,CH4,"Total GHG, Index 2000=100",2010,Index,140.156
854,Mexico,CH4,"Total GHG, Index 2000=100",2013,Index,106.24
855,Czech Republic,CH4,"Total GHG, Index 2000=100",1990,Index,154.069
856,Czech Republic,CH4,"Total GHG, Index 2000=100",1991,Index,143.79
857,Czech Republic,CH4,"Total GHG, Index 2000=100",1992,Index,134.64
858,Czech Republic,CH4,"Total GHG, Index 2000=100",1993,Index,128.585
859,Czech Republic,CH4,"Total GHG, Index 2000=100",1994,Index,121.09899999999999
860,Czech Republic,CH4,"Total GHG, Index 2000=100",1995,Index,118.471
861,Czech Republic,CH4,"Total GHG, Index 2000=100",1996,Index,117.223
862,Czech Republic,CH4,"Total GHG, Index 2000=100",1997,Index,114.486
863,Czech Republic,CH4,"Total GHG, Index 2000=100",1998,Index,110.2
864,Czech Republic,CH4,"Total GHG, Index 2000=100",1999,Index,105.55799999999999
865,Czech Republic,CH4,"Total GHG, Index 2000=100",2000,Index,100.0
866,Czech Republic,CH4,"Total GHG, Index 2000=100",2001,Index,98.287
867,Czech Republic,CH4,"Total GHG, Index 2000=100",2002,Index,95.50399999999999
868,Czech Republic,CH4,"Total GHG, Index 2000=100",2003,Index,95.417
869,Czech Republic,CH4,"Total GHG, Index 2000=100",2004,Index,92.64399999999999
870,Czech Republic,CH4,"Total GHG, Index 2000=100",2005,Index,95.141
871,Czech Republic,CH4,"Total GHG, Index 2000=100",2006,Index,96.76299999999999
872,Czech Republic,CH4,"Total GHG, Index 2000=100",2007,Index,93.684
873,Czech Republic,CH4,"Total GHG, Index 2000=100",2008,Index,94.573
874,Czech Republic,CH4,"Total GHG, Index 2000=100",2009,Index,92.25200000000001
875,Czech Republic,CH4,"Total GHG, Index 2000=100",2010,Index,93.572
876,Czech Republic,CH4,"Total GHG, Index 2000=100",2011,Index,93.486
877,Czech Republic,CH4,"Total GHG, Index 2000=100",2012,Index,93.47
878,Czech Republic,CH4,"Total GHG, Index 2000=100",2013,Index,89.781
879,Czech Republic,CH4,"Total GHG, Index 2000=100",2014,Index,89.535
880,Czech Republic,CH4,"Total GHG, Index 2000=100",2015,Index,89.971
881,Portugal,CH4,"Total GHG, Index 2000=100",1990,Index,84.272
882,Portugal,CH4,"Total GHG, Index 2000=100",1991,Index,85.90799999999999
883,Portugal,CH4,"Total GHG, Index 2000=100",1992,Index,87.21799999999999
884,Portugal,CH4,"Total GHG, Index 2000=100",1993,Index,88.271
885,Portugal,CH4,"Total GHG, Index 2000=100",1994,Index,90.479
886,Portugal,CH4,"Total GHG, Index 2000=100",1995,Index,93.24700000000001
887,Portugal,CH4,"Total GHG, Index 2000=100",1996,Index,93.836
888,Portugal,CH4,"Total GHG, Index 2000=100",1997,Index,95.721
889,Portugal,CH4,"Total GHG, Index 2000=100",1998,Index,98.3
890,Portugal,CH4,"Total GHG, Index 2000=100",1999,Index,99.48200000000001
891,Portugal,CH4,"Total GHG, Index 2000=100",2000,Index,100.0
892,Portugal,CH4,"Total GHG, Index 2000=100",2001,Index,100.03200000000001
893,Portugal,CH4,"Total GHG, Index 2000=100",2002,Index,101.58200000000001
894,Portugal,CH4,"Total GHG, Index 2000=100",2003,Index,103.469
895,Portugal,CH4,"Total GHG, Index 2000=100",2004,Index,104.749
896,Portugal,CH4,"Total GHG, Index 2000=100",2005,Index,101.552
897,Portugal,CH4,"Total GHG, Index 2000=100",2006,Index,100.91
898,Portugal,CH4,"Total GHG, Index 2000=100",2007,Index,99.396
899,Portugal,CH4,"Total GHG, Index 2000=100",2008,Index,95.45299999999999
900,Portugal,CH4,"Total GHG, Index 2000=100",2009,Index,93.678
901,Portugal,CH4,"Total GHG, Index 2000=100",2010,Index,93.73299999999999
902,Portugal,CH4,"Total GHG, Index 2000=100",2011,Index,94.646
903,Portugal,CH4,"Total GHG, Index 2000=100",2012,Index,92.601
904,Portugal,CH4,"Total GHG, Index 2000=100",2013,Index,90.24799999999999
905,Portugal,CH4,"Total GHG, Index 2000=100",2014,Index,88.42
906,Portugal,CH4,"Total GHG, Index 2000=100",2015,Index,89.321
907,Luxembourg,CH4,"Total GHG, Index 2000=100",1990,Index,101.417
908,Luxembourg,CH4,"Total GHG, Index 2000=100",1991,Index,102.469
909,Luxembourg,CH4,"Total GHG, Index 2000=100",1992,Index,100.744
910,Luxembourg,CH4,"Total GHG, Index 2000=100",1993,Index,100.553
911,Luxembourg,CH4,"Total GHG, Index 2000=100",1994,Index,96.661
912,Luxembourg,CH4,"Total GHG, Index 2000=100",1995,Index,99.135
913,Luxembourg,CH4,"Total GHG, Index 2000=100",1996,Index,100.669
914,Luxembourg,CH4,"Total GHG, Index 2000=100",1997,Index,100.796
915,Luxembourg,CH4,"Total GHG, Index 2000=100",1998,Index,100.384
916,Luxembourg,CH4,"Total GHG, Index 2000=100",1999,Index,101.238
917,Luxembourg,CH4,"Total GHG, Index 2000=100",2000,Index,100.0
918,Luxembourg,CH4,"Total GHG, Index 2000=100",2001,Index,100.77799999999999
919,Luxembourg,CH4,"Total GHG, Index 2000=100",2002,Index,100.69
920,Luxembourg,CH4,"Total GHG, Index 2000=100",2003,Index,98.829
921,Luxembourg,CH4,"Total GHG, Index 2000=100",2004,Index,98.135
922,Luxembourg,CH4,"Total GHG, Index 2000=100",2005,Index,97.803
923,Luxembourg,CH4,"Total GHG, Index 2000=100",2006,Index,97.29299999999999
924,Luxembourg,CH4,"Total GHG, Index 2000=100",2007,Index,99.036
925,Luxembourg,CH4,"Total GHG, Index 2000=100",2008,Index,100.837
926,Luxembourg,CH4,"Total GHG, Index 2000=100",2009,Index,101.00299999999999
927,Luxembourg,CH4,"Total GHG, Index 2000=100",2010,Index,101.131
928,Luxembourg,CH4,"Total GHG, Index 2000=100",2011,Index,97.238
929,Luxembourg,CH4,"Total GHG, Index 2000=100",2012,Index,95.542
930,Luxembourg,CH4,"Total GHG, Index 2000=100",2013,Index,96.305
931,Luxembourg,CH4,"Total GHG, Index 2000=100",2014,Index,98.204
932,Luxembourg,CH4,"Total GHG, Index 2000=100",2015,Index,99.265
933,Latvia,CH4,"Total GHG, Index 2000=100",1990,Index,191.49900000000002
934,Latvia,CH4,"Total GHG, Index 2000=100",1991,Index,188.55200000000002
935,Latvia,CH4,"Total GHG, Index 2000=100",1992,Index,162.14600000000002
936,Latvia,CH4,"Total GHG, Index 2000=100",1993,Index,123.117
937,Latvia,CH4,"Total GHG, Index 2000=100",1994,Index,113.87700000000001
938,Latvia,CH4,"Total GHG, Index 2000=100",1995,Index,112.993
939,Latvia,CH4,"Total GHG, Index 2000=100",1996,Index,111.00399999999999
940,Latvia,CH4,"Total GHG, Index 2000=100",1997,Index,109.469
941,Latvia,CH4,"Total GHG, Index 2000=100",1998,Index,104.853
942,Latvia,CH4,"Total GHG, Index 2000=100",1999,Index,97.77799999999999
943,Latvia,CH4,"Total GHG, Index 2000=100",2000,Index,100.0
944,Latvia,CH4,"Total GHG, Index 2000=100",2001,Index,104.883
945,Latvia,CH4,"Total GHG, Index 2000=100",2002,Index,104.13799999999999
946,Latvia,CH4,"Total GHG, Index 2000=100",2003,Index,99.939
947,Latvia,CH4,"Total GHG, Index 2000=100",2004,Index,98.61
948,Latvia,CH4,"Total GHG, Index 2000=100",2005,Index,101.76
949,Latvia,CH4,"Total GHG, Index 2000=100",2006,Index,100.501
950,Latvia,CH4,"Total GHG, Index 2000=100",2007,Index,103.546
951,Latvia,CH4,"Total GHG, Index 2000=100",2008,Index,101.238
952,Latvia,CH4,"Total GHG, Index 2000=100",2009,Index,100.209
953,Latvia,CH4,"Total GHG, Index 2000=100",2010,Index,99.354
954,Latvia,CH4,"Total GHG, Index 2000=100",2011,Index,95.59899999999999
955,Latvia,CH4,"Total GHG, Index 2000=100",2012,Index,100.09
956,Latvia,CH4,"Total GHG, Index 2000=100",2013,Index,102.072
957,Latvia,CH4,"Total GHG, Index 2000=100",2014,Index,105.887
958,Latvia,CH4,"Total GHG, Index 2000=100",2015,Index,101.934
959,Canada,CH4,"Total GHG, Index 2000=100",1990,Index,79.266
960,Canada,CH4,"Total GHG, Index 2000=100",1991,Index,81.013
961,Canada,CH4,"Total GHG, Index 2000=100",1992,Index,84.821
962,Canada,CH4,"Total GHG, Index 2000=100",1993,Index,87.535
963,Canada,CH4,"Total GHG, Index 2000=100",1994,Index,90.59700000000001
964,Canada,CH4,"Total GHG, Index 2000=100",1995,Index,94.054
965,Canada,CH4,"Total GHG, Index 2000=100",1996,Index,97.10700000000001
966,Canada,CH4,"Total GHG, Index 2000=100",1997,Index,98.771
967,Canada,CH4,"Total GHG, Index 2000=100",1998,Index,100.074
968,Canada,CH4,"Total GHG, Index 2000=100",1999,Index,99.927
969,Canada,CH4,"Total GHG, Index 2000=100",2000,Index,100.0
970,Canada,CH4,"Total GHG, Index 2000=100",2001,Index,99.28299999999999
971,Canada,CH4,"Total GHG, Index 2000=100",2002,Index,97.22200000000001
972,Canada,CH4,"Total GHG, Index 2000=100",2003,Index,96.613
973,Canada,CH4,"Total GHG, Index 2000=100",2004,Index,97.137
974,Canada,CH4,"Total GHG, Index 2000=100",2005,Index,96.28399999999999
975,Canada,CH4,"Total GHG, Index 2000=100",2006,Index,95.564
976,Canada,CH4,"Total GHG, Index 2000=100",2007,Index,93.741
977,Canada,CH4,"Total GHG, Index 2000=100",2008,Index,90.274
978,Canada,CH4,"Total GHG, Index 2000=100",2009,Index,86.559
979,Canada,CH4,"Total GHG, Index 2000=100",2010,Index,84.536
980,Canada,CH4,"Total GHG, Index 2000=100",2011,Index,84.74
981,Canada,CH4,"Total GHG, Index 2000=100",2012,Index,86.22399999999999
982,Canada,CH4,"Total GHG, Index 2000=100",2013,Index,87.881
983,Canada,CH4,"Total GHG, Index 2000=100",2014,Index,88.794
984,Canada,CH4,"Total GHG, Index 2000=100",2015,Index,86.781
985,Russia,CH4,"Total GHG, Index 2000=100",1990,Index,148.846
986,Russia,CH4,"Total GHG, Index 2000=100",1991,Index,138.222
987,Russia,CH4,"Total GHG, Index 2000=100",1992,Index,125.53299999999999
988,Russia,CH4,"Total GHG, Index 2000=100",1993,Index,116.479
989,Russia,CH4,"Total GHG, Index 2000=100",1994,Index,107.42200000000001
990,Russia,CH4,"Total GHG, Index 2000=100",1995,Index,103.417
991,Russia,CH4,"Total GHG, Index 2000=100",1996,Index,100.559
992,Russia,CH4,"Total GHG, Index 2000=100",1997,Index,99.008
993,Russia,CH4,"Total GHG, Index 2000=100",1998,Index,96.881
994,Russia,CH4,"Total GHG, Index 2000=100",1999,Index,96.98
995,Russia,CH4,"Total GHG, Index 2000=100",2000,Index,100.0
996,Russia,CH4,"Total GHG, Index 2000=100",2001,Index,104.288
997,Russia,CH4,"Total GHG, Index 2000=100",2002,Index,108.67
998,Russia,CH4,"Total GHG, Index 2000=100",2003,Index,116.301
999,Russia,CH4,"Total GHG, Index 2000=100",2004,Index,122.555
1000,Russia,CH4,"Total GHG, Index 2000=100",2005,Index,124.572
1001,Russia,CH4,"Total GHG, Index 2000=100",2006,Index,127.096
1002,Russia,CH4,"Total GHG, Index 2000=100",2007,Index,128.924
1003,Russia,CH4,"Total GHG, Index 2000=100",2008,Index,129.184
1004,Russia,CH4,"Total GHG, Index 2000=100",2009,Index,125.93299999999999
1005,Russia,CH4,"Total GHG, Index 2000=100",2010,Index,130.375
1006,Russia,CH4,"Total GHG, Index 2000=100",2011,Index,132.77200000000002
1007,Russia,CH4,"Total GHG, Index 2000=100",2012,Index,134.345
1008,Russia,CH4,"Total GHG, Index 2000=100",2013,Index,134.936
1009,Russia,CH4,"Total GHG, Index 2000=100",2014,Index,135.30200000000002
1010,Russia,CH4,"Total GHG, Index 2000=100",2015,Index,136.564
