True,Country,Source,Variable,Year,Unit,Value
0,Austria,Fresh ground water,Public water supply,2008,Cubic metres,607.0
1,Austria,Fresh ground water,Public water supply,2010,Cubic metres,685.0
2,Austria,Fresh ground water,Manufacturing industry,2008,Cubic metres,397.0
3,Belgium,Fresh ground water,Total gross abstraction,2008,Cubic metres,619.14
4,Belgium,Fresh ground water,Total gross abstraction,2009,Cubic metres,612.5
5,Belgium,Fresh ground water,Total gross abstraction,2010,Cubic metres,647.66
6,Belgium,Fresh ground water,Total gross abstraction,2011,Cubic metres,638.79
7,Belgium,Fresh ground water,Total gross abstraction,2012,Cubic metres,636.1
8,Belgium,Fresh ground water,Total gross abstraction,2013,Cubic metres,639.15
9,Belgium,Fresh ground water,Total gross abstraction,2014,Cubic metres,631.65
10,Belgium,Fresh ground water,Public water supply,2008,Cubic metres,453.20517
11,Belgium,Fresh ground water,Public water supply,2009,Cubic metres,457.59662000000003
12,Belgium,Fresh ground water,Public water supply,2010,Cubic metres,474.28
13,Belgium,Fresh ground water,Public water supply,2011,Cubic metres,469.91
14,Belgium,Fresh ground water,Public water supply,2012,Cubic metres,463.47
15,Belgium,Fresh ground water,Public water supply,2013,Cubic metres,470.32
16,Belgium,Fresh ground water,Public water supply,2014,Cubic metres,460.72
17,Belgium,Fresh ground water,"Agriculture, forestry, fishing",2008,Cubic metres,35.739259999999994
18,Belgium,Fresh ground water,"Agriculture, forestry, fishing",2009,Cubic metres,36.792759999999994
19,Belgium,Fresh ground water,"Agriculture, forestry, fishing",2010,Cubic metres,36.94
20,Belgium,Fresh ground water,"Agriculture, forestry, fishing",2011,Cubic metres,36.23
21,Belgium,Fresh ground water,"Agriculture, forestry, fishing",2012,Cubic metres,32.02
22,Belgium,Fresh ground water,"Agriculture, forestry, fishing",2013,Cubic metres,34.44
23,Belgium,Fresh ground water,"Agriculture, forestry, fishing",2014,Cubic metres,36.27
24,Belgium,Fresh ground water,Manufacturing industry,2008,Cubic metres,71.99485
25,Belgium,Fresh ground water,Manufacturing industry,2009,Cubic metres,66.37281999999999
26,Belgium,Fresh ground water,Manufacturing industry,2010,Cubic metres,64.83
27,Belgium,Fresh ground water,Manufacturing industry,2011,Cubic metres,62.74
28,Belgium,Fresh ground water,Manufacturing industry,2012,Cubic metres,62.29
29,Belgium,Fresh ground water,Manufacturing industry,2013,Cubic metres,57.98
30,Canada,Fresh ground water,Public water supply,2011,Cubic metres,581.0
31,Canada,Fresh ground water,Public water supply,2013,Cubic metres,595.9
32,Canada,Fresh ground water,Public water supply,2015,Cubic metres,594.3
33,Canada,Fresh ground water,Manufacturing industry,2009,Cubic metres,130.5
34,Canada,Fresh ground water,Manufacturing industry,2011,Cubic metres,133.4
35,Canada,Fresh ground water,Manufacturing industry,2013,Cubic metres,137.6
36,Czech Republic,Fresh ground water,Total gross abstraction,2008,Cubic metres,380.0
37,Czech Republic,Fresh ground water,Total gross abstraction,2009,Cubic metres,376.0
38,Czech Republic,Fresh ground water,Total gross abstraction,2010,Cubic metres,377.0
39,Czech Republic,Fresh ground water,Total gross abstraction,2011,Cubic metres,378.0
40,Czech Republic,Fresh ground water,Total gross abstraction,2012,Cubic metres,379.0
41,Czech Republic,Fresh ground water,Total gross abstraction,2013,Cubic metres,371.0
42,Czech Republic,Fresh ground water,Total gross abstraction,2014,Cubic metres,361.0
43,Czech Republic,Fresh ground water,Total gross abstraction,2015,Cubic metres,366.4
44,Czech Republic,Fresh ground water,Public water supply,2008,Cubic metres,320.0
45,Czech Republic,Fresh ground water,Public water supply,2009,Cubic metres,315.0
46,Czech Republic,Fresh ground water,Public water supply,2010,Cubic metres,314.0
47,Czech Republic,Fresh ground water,Public water supply,2011,Cubic metres,311.0
48,Czech Republic,Fresh ground water,Public water supply,2012,Cubic metres,310.0
49,Czech Republic,Fresh ground water,Public water supply,2013,Cubic metres,304.0
50,Czech Republic,Fresh ground water,Public water supply,2014,Cubic metres,292.0
51,Czech Republic,Fresh ground water,Public water supply,2015,Cubic metres,296.8
52,Czech Republic,Fresh ground water,"Agriculture, forestry, fishing",2008,Cubic metres,11.0
53,Czech Republic,Fresh ground water,"Agriculture, forestry, fishing",2009,Cubic metres,11.0
54,Czech Republic,Fresh ground water,"Agriculture, forestry, fishing",2010,Cubic metres,12.0
55,Czech Republic,Fresh ground water,"Agriculture, forestry, fishing",2011,Cubic metres,12.0
56,Czech Republic,Fresh ground water,"Agriculture, forestry, fishing",2012,Cubic metres,12.0
57,Czech Republic,Fresh ground water,"Agriculture, forestry, fishing",2013,Cubic metres,13.0
58,Czech Republic,Fresh ground water,"Agriculture, forestry, fishing",2014,Cubic metres,13.0
59,Czech Republic,Fresh ground water,"Agriculture, forestry, fishing",2015,Cubic metres,14.0
60,Czech Republic,Fresh ground water,Irrigation,2010,Cubic metres,1.0
61,Czech Republic,Fresh ground water,Irrigation,2011,Cubic metres,1.0
62,Czech Republic,Fresh ground water,Irrigation,2014,Cubic metres,0.4
63,Czech Republic,Fresh ground water,Irrigation,2015,Cubic metres,0.6
64,Czech Republic,Fresh ground water,Manufacturing industry,2008,Cubic metres,28.0
65,Czech Republic,Fresh ground water,Manufacturing industry,2009,Cubic metres,25.0
66,Czech Republic,Fresh ground water,Manufacturing industry,2010,Cubic metres,25.0
67,Czech Republic,Fresh ground water,Manufacturing industry,2011,Cubic metres,26.0
68,Czech Republic,Fresh ground water,Manufacturing industry,2012,Cubic metres,26.0
69,Czech Republic,Fresh ground water,Manufacturing industry,2013,Cubic metres,24.0
70,Czech Republic,Fresh ground water,Manufacturing industry,2014,Cubic metres,25.1
71,Czech Republic,Fresh ground water,Manufacturing industry,2015,Cubic metres,25.4
72,Denmark,Fresh ground water,Total gross abstraction,2008,Cubic metres,685.89
73,Denmark,Fresh ground water,Total gross abstraction,2009,Cubic metres,648.36
74,Denmark,Fresh ground water,Total gross abstraction,2010,Cubic metres,647.48
75,Denmark,Fresh ground water,Total gross abstraction,2011,Cubic metres,726.6
76,Denmark,Fresh ground water,Total gross abstraction,2012,Cubic metres,549.2
77,Denmark,Fresh ground water,Total gross abstraction,2013,Cubic metres,750.8
78,Denmark,Fresh ground water,Total gross abstraction,2014,Cubic metres,736.5
79,Denmark,Fresh ground water,Total gross abstraction,2015,Cubic metres,640.08
80,Denmark,Fresh ground water,Public water supply,2008,Cubic metres,406.14001
81,Denmark,Fresh ground water,Public water supply,2009,Cubic metres,384.89999
82,Denmark,Fresh ground water,Public water supply,2010,Cubic metres,386.5
83,Denmark,Fresh ground water,Public water supply,2011,Cubic metres,384.0
84,Denmark,Fresh ground water,Public water supply,2012,Cubic metres,360.0
85,Denmark,Fresh ground water,Public water supply,2013,Cubic metres,377.7
86,Denmark,Fresh ground water,Public water supply,2014,Cubic metres,364.1
87,Denmark,Fresh ground water,Public water supply,2015,Cubic metres,373.82
88,Denmark,Fresh ground water,"Agriculture, forestry, fishing",2008,Cubic metres,244.3
89,Denmark,Fresh ground water,"Agriculture, forestry, fishing",2009,Cubic metres,228.58
90,Denmark,Fresh ground water,"Agriculture, forestry, fishing",2010,Cubic metres,226.6
91,Denmark,Fresh ground water,"Agriculture, forestry, fishing",2011,Cubic metres,308.0
92,Denmark,Fresh ground water,"Agriculture, forestry, fishing",2012,Cubic metres,161.0
93,Denmark,Fresh ground water,"Agriculture, forestry, fishing",2013,Cubic metres,244.1
94,Denmark,Fresh ground water,"Agriculture, forestry, fishing",2014,Cubic metres,239.2
95,Denmark,Fresh ground water,"Agriculture, forestry, fishing",2015,Cubic metres,136.84
96,Denmark,Fresh ground water,Irrigation,2008,Cubic metres,197.87
97,Denmark,Fresh ground water,Irrigation,2009,Cubic metres,181.10001
98,Denmark,Fresh ground water,Irrigation,2010,Cubic metres,178.2
99,Denmark,Fresh ground water,Irrigation,2011,Cubic metres,240.0
100,Denmark,Fresh ground water,Irrigation,2012,Cubic metres,95.0
101,Denmark,Fresh ground water,Irrigation,2013,Cubic metres,122.0
102,Denmark,Fresh ground water,Irrigation,2014,Cubic metres,128.0
103,Denmark,Fresh ground water,Irrigation,2015,Cubic metres,136.84
104,Denmark,Fresh ground water,Manufacturing industry,2008,Cubic metres,33.22
105,Denmark,Fresh ground water,Manufacturing industry,2009,Cubic metres,32.98
106,Denmark,Fresh ground water,Manufacturing industry,2010,Cubic metres,31.98
107,Denmark,Fresh ground water,Manufacturing industry,2011,Cubic metres,32.0
108,Denmark,Fresh ground water,Manufacturing industry,2012,Cubic metres,26.0
109,Denmark,Fresh ground water,Manufacturing industry,2013,Cubic metres,127.0
110,Denmark,Fresh ground water,Manufacturing industry,2014,Cubic metres,131.2
111,Denmark,Fresh ground water,Manufacturing industry,2015,Cubic metres,127.42
112,Finland,Fresh ground water,Public water supply,2010,Cubic metres,240.0
113,Finland,Fresh ground water,Public water supply,2011,Cubic metres,240.0
114,Finland,Fresh ground water,Public water supply,2012,Cubic metres,250.0
115,Finland,Fresh ground water,Public water supply,2013,Cubic metres,250.0
116,Finland,Fresh ground water,Irrigation,2010,Cubic metres,0.27
117,Finland,Fresh ground water,Manufacturing industry,2009,Cubic metres,9.0
118,Finland,Fresh ground water,Manufacturing industry,2010,Cubic metres,8.0
119,Finland,Fresh ground water,Manufacturing industry,2012,Cubic metres,13.4
120,Finland,Fresh ground water,Manufacturing industry,2013,Cubic metres,12.0
121,France,Fresh ground water,Total gross abstraction,2008,Cubic metres,5824.044260000001
122,France,Fresh ground water,Total gross abstraction,2009,Cubic metres,6112.65748
123,France,Fresh ground water,Total gross abstraction,2010,Cubic metres,5982.967970000001
124,France,Fresh ground water,Total gross abstraction,2011,Cubic metres,5908.1029100000005
125,France,Fresh ground water,Total gross abstraction,2012,Cubic metres,5608.05619
126,France,Fresh ground water,Total gross abstraction,2013,Cubic metres,5621.43354
127,France,Fresh ground water,Public water supply,2008,Cubic metres,3729.8742700000003
128,France,Fresh ground water,Public water supply,2009,Cubic metres,3855.62524
129,France,Fresh ground water,Public water supply,2010,Cubic metres,3717.25
130,France,Fresh ground water,Public water supply,2011,Cubic metres,3629.3007799999996
131,France,Fresh ground water,Public water supply,2012,Cubic metres,3528.91623
132,France,Fresh ground water,Public water supply,2013,Cubic metres,3582.1054200000003
133,France,Fresh ground water,"Agriculture, forestry, fishing",2008,Cubic metres,950.11584
134,France,Fresh ground water,"Agriculture, forestry, fishing",2009,Cubic metres,1195.89124
135,France,Fresh ground water,"Agriculture, forestry, fishing",2010,Cubic metres,1201.64453
136,France,Fresh ground water,"Agriculture, forestry, fishing",2011,Cubic metres,1232.0
137,France,Fresh ground water,"Agriculture, forestry, fishing",2012,Cubic metres,1048.0
138,France,Fresh ground water,"Agriculture, forestry, fishing",2013,Cubic metres,1042.0
139,France,Fresh ground water,Manufacturing industry,2008,Cubic metres,788.67169
140,France,Fresh ground water,Manufacturing industry,2009,Cubic metres,730.6013
141,France,Fresh ground water,Manufacturing industry,2010,Cubic metres,734.0
142,France,Fresh ground water,Manufacturing industry,2011,Cubic metres,731.0
143,France,Fresh ground water,Manufacturing industry,2012,Cubic metres,704.0
144,France,Fresh ground water,Manufacturing industry,2013,Cubic metres,669.0
145,Germany,Fresh ground water,Total gross abstraction,2010,Cubic metres,5840.98493
146,Germany,Fresh ground water,Total gross abstraction,2013,Cubic metres,5915.71362
147,Germany,Fresh ground water,Public water supply,2010,Cubic metres,3534.8540000000003
148,Germany,Fresh ground water,Public water supply,2013,Cubic metres,3498.9509999999996
149,Germany,Fresh ground water,"Agriculture, forestry, fishing",2010,Cubic metres,156.80424
150,Germany,Fresh ground water,"Agriculture, forestry, fishing",2013,Cubic metres,245.55561
151,Germany,Fresh ground water,Irrigation,2010,Cubic metres,141.03411
152,Germany,Fresh ground water,Irrigation,2013,Cubic metres,215.35813
153,Germany,Fresh ground water,Manufacturing industry,2010,Cubic metres,764.46521
154,Germany,Fresh ground water,Manufacturing industry,2013,Cubic metres,730.18452
155,Greece,Fresh ground water,Total gross abstraction,2011,Cubic metres,5615.27
156,Greece,Fresh ground water,Total gross abstraction,2012,Cubic metres,5615.14
157,Greece,Fresh ground water,Total gross abstraction,2013,Cubic metres,5614.36
158,Greece,Fresh ground water,Total gross abstraction,2014,Cubic metres,5610.49
159,Greece,Fresh ground water,Total gross abstraction,2015,Cubic metres,5611.23
160,Greece,Fresh ground water,Public water supply,2011,Cubic metres,789.89
161,Greece,Fresh ground water,Public water supply,2012,Cubic metres,789.89
162,Greece,Fresh ground water,Public water supply,2013,Cubic metres,789.89
163,Greece,Fresh ground water,Public water supply,2014,Cubic metres,789.89
164,Greece,Fresh ground water,Public water supply,2015,Cubic metres,789.89
165,Greece,Fresh ground water,"Agriculture, forestry, fishing",2011,Cubic metres,4667.14
166,Greece,Fresh ground water,"Agriculture, forestry, fishing",2012,Cubic metres,4667.14
167,Greece,Fresh ground water,"Agriculture, forestry, fishing",2013,Cubic metres,4667.14
168,Greece,Fresh ground water,"Agriculture, forestry, fishing",2014,Cubic metres,4667.14
169,Greece,Fresh ground water,"Agriculture, forestry, fishing",2015,Cubic metres,4667.14
170,Greece,Fresh ground water,Irrigation,2011,Cubic metres,4619.38
171,Greece,Fresh ground water,Irrigation,2012,Cubic metres,4619.38
172,Greece,Fresh ground water,Irrigation,2013,Cubic metres,4619.38
173,Greece,Fresh ground water,Irrigation,2014,Cubic metres,4619.38
174,Greece,Fresh ground water,Irrigation,2015,Cubic metres,4619.38
175,Hungary,Fresh ground water,Total gross abstraction,2008,Cubic metres,506.0
176,Hungary,Fresh ground water,Total gross abstraction,2009,Cubic metres,558.0
177,Hungary,Fresh ground water,Total gross abstraction,2010,Cubic metres,497.76
178,Hungary,Fresh ground water,Total gross abstraction,2011,Cubic metres,502.97
179,Hungary,Fresh ground water,Total gross abstraction,2012,Cubic metres,502.61
180,Hungary,Fresh ground water,Total gross abstraction,2013,Cubic metres,496.04
181,Hungary,Fresh ground water,Total gross abstraction,2014,Cubic metres,475.6
182,Hungary,Fresh ground water,Total gross abstraction,2015,Cubic metres,491.65
183,Hungary,Fresh ground water,Public water supply,2008,Cubic metres,361.0
184,Hungary,Fresh ground water,Public water supply,2009,Cubic metres,368.0
185,Hungary,Fresh ground water,Public water supply,2010,Cubic metres,350.0
186,Hungary,Fresh ground water,Public water supply,2011,Cubic metres,345.0
187,Hungary,Fresh ground water,Public water supply,2012,Cubic metres,345.0
188,Hungary,Fresh ground water,Public water supply,2013,Cubic metres,334.8101
189,Hungary,Fresh ground water,Public water supply,2014,Cubic metres,336.596
190,Hungary,Fresh ground water,Public water supply,2015,Cubic metres,351.42593999999997
191,Hungary,Fresh ground water,Public water supply,2016,Cubic metres,346.14806
192,Hungary,Fresh ground water,"Agriculture, forestry, fishing",2008,Cubic metres,41.0
193,Hungary,Fresh ground water,"Agriculture, forestry, fishing",2009,Cubic metres,45.0
194,Hungary,Fresh ground water,"Agriculture, forestry, fishing",2010,Cubic metres,51.0
195,Hungary,Fresh ground water,"Agriculture, forestry, fishing",2011,Cubic metres,53.0
196,Hungary,Fresh ground water,"Agriculture, forestry, fishing",2012,Cubic metres,58.0
197,Hungary,Fresh ground water,Irrigation,2010,Cubic metres,5.69
198,Hungary,Fresh ground water,Irrigation,2011,Cubic metres,12.8
199,Hungary,Fresh ground water,Irrigation,2012,Cubic metres,19.04
200,Hungary,Fresh ground water,Irrigation,2013,Cubic metres,17.411920000000002
201,Hungary,Fresh ground water,Irrigation,2014,Cubic metres,11.56827
202,Hungary,Fresh ground water,Irrigation,2015,Cubic metres,12.95964
203,Hungary,Fresh ground water,Irrigation,2016,Cubic metres,11.54337
204,Hungary,Fresh ground water,Manufacturing industry,2008,Cubic metres,42.0
205,Hungary,Fresh ground water,Manufacturing industry,2009,Cubic metres,39.0
206,Hungary,Fresh ground water,Manufacturing industry,2010,Cubic metres,37.5
207,Hungary,Fresh ground water,Manufacturing industry,2011,Cubic metres,38.0
208,Hungary,Fresh ground water,Manufacturing industry,2012,Cubic metres,34.4
209,Iceland,Fresh ground water,Total gross abstraction,2010,Cubic metres,1899.3
210,Iceland,Fresh ground water,Total gross abstraction,2011,Cubic metres,2087.1
211,Iceland,Fresh ground water,Total gross abstraction,2012,Cubic metres,2134.5
212,Iceland,Fresh ground water,Total gross abstraction,2013,Cubic metres,1971.8
213,Iceland,Fresh ground water,Total gross abstraction,2014,Cubic metres,1403.3
214,Iceland,Fresh ground water,Public water supply,2010,Cubic metres,796.7
215,Iceland,Fresh ground water,Public water supply,2011,Cubic metres,892.0
216,Iceland,Fresh ground water,Public water supply,2012,Cubic metres,903.6
217,Iceland,Fresh ground water,Public water supply,2013,Cubic metres,857.9
218,Iceland,Fresh ground water,Public water supply,2014,Cubic metres,713.6
219,Iceland,Fresh ground water,"Agriculture, forestry, fishing",2010,Cubic metres,1083.4
220,Iceland,Fresh ground water,"Agriculture, forestry, fishing",2011,Cubic metres,1174.9
221,Iceland,Fresh ground water,"Agriculture, forestry, fishing",2012,Cubic metres,1207.2
222,Iceland,Fresh ground water,"Agriculture, forestry, fishing",2013,Cubic metres,1091.6
223,Iceland,Fresh ground water,"Agriculture, forestry, fishing",2014,Cubic metres,670.6
224,Iceland,Fresh ground water,Manufacturing industry,2010,Cubic metres,19.2
225,Iceland,Fresh ground water,Manufacturing industry,2011,Cubic metres,20.2
226,Iceland,Fresh ground water,Manufacturing industry,2012,Cubic metres,23.7
227,Iceland,Fresh ground water,Manufacturing industry,2013,Cubic metres,22.3
228,Iceland,Fresh ground water,Manufacturing industry,2014,Cubic metres,19.1
229,Ireland,Fresh ground water,Total gross abstraction,2009,Cubic metres,196.0
230,Ireland,Fresh ground water,Public water supply,2009,Cubic metres,124.0
231,Ireland,Fresh ground water,Public water supply,2010,Cubic metres,99.0
232,Ireland,Fresh ground water,Public water supply,2011,Cubic metres,97.0
233,Ireland,Fresh ground water,Public water supply,2012,Cubic metres,101.0
234,Ireland,Fresh ground water,Public water supply,2013,Cubic metres,102.0
235,Ireland,Fresh ground water,Public water supply,2014,Cubic metres,119.57291000000001
236,Ireland,Fresh ground water,Public water supply,2015,Cubic metres,101.0
237,Ireland,Fresh ground water,Public water supply,2016,Cubic metres,105.0
238,Italy,Fresh ground water,Public water supply,2008,Cubic metres,7793.29
239,Italy,Fresh ground water,Public water supply,2012,Cubic metres,8023.31
240,Japan,Fresh ground water,Total gross abstraction,2008,Cubic metres,9669.0
241,Japan,Fresh ground water,Total gross abstraction,2009,Cubic metres,9372.0
242,Japan,Fresh ground water,Total gross abstraction,2010,Cubic metres,9390.0
243,Japan,Fresh ground water,Total gross abstraction,2011,Cubic metres,9237.0
244,Japan,Fresh ground water,Total gross abstraction,2012,Cubic metres,9208.0
245,Japan,Fresh ground water,Total gross abstraction,2013,Cubic metres,9100.0
246,Japan,Fresh ground water,Total gross abstraction,2014,Cubic metres,9100.0
247,Japan,Fresh ground water,Public water supply,2008,Cubic metres,3306.0
248,Japan,Fresh ground water,Public water supply,2009,Cubic metres,3255.0
249,Japan,Fresh ground water,Public water supply,2010,Cubic metres,3262.0
250,Japan,Fresh ground water,Public water supply,2011,Cubic metres,3180.0
251,Japan,Fresh ground water,Public water supply,2012,Cubic metres,3150.0
252,Japan,Fresh ground water,Public water supply,2013,Cubic metres,3100.0
253,Japan,Fresh ground water,Public water supply,2014,Cubic metres,3000.0
254,Japan,Fresh ground water,"Agriculture, forestry, fishing",2008,Cubic metres,2866.0
255,Japan,Fresh ground water,"Agriculture, forestry, fishing",2009,Cubic metres,2866.0
256,Japan,Fresh ground water,"Agriculture, forestry, fishing",2010,Cubic metres,2882.0
257,Japan,Fresh ground water,"Agriculture, forestry, fishing",2011,Cubic metres,2886.0
258,Japan,Fresh ground water,"Agriculture, forestry, fishing",2012,Cubic metres,2866.0
259,Japan,Fresh ground water,"Agriculture, forestry, fishing",2013,Cubic metres,2900.0
260,Japan,Fresh ground water,"Agriculture, forestry, fishing",2014,Cubic metres,2900.0
261,Japan,Fresh ground water,Manufacturing industry,2008,Cubic metres,3496.0
262,Japan,Fresh ground water,Manufacturing industry,2009,Cubic metres,3251.0
263,Japan,Fresh ground water,Manufacturing industry,2010,Cubic metres,3246.0
264,Japan,Fresh ground water,Manufacturing industry,2011,Cubic metres,3171.0
265,Japan,Fresh ground water,Manufacturing industry,2012,Cubic metres,3192.0
266,Japan,Fresh ground water,Manufacturing industry,2013,Cubic metres,3100.0
267,Japan,Fresh ground water,Manufacturing industry,2014,Cubic metres,3200.0
268,Korea,Fresh ground water,Total gross abstraction,2008,Cubic metres,3784.0
269,Korea,Fresh ground water,Total gross abstraction,2009,Cubic metres,3807.0
270,Korea,Fresh ground water,Total gross abstraction,2010,Cubic metres,3807.0
271,Korea,Fresh ground water,Total gross abstraction,2011,Cubic metres,3907.0
272,Korea,Fresh ground water,Total gross abstraction,2012,Cubic metres,3990.0
273,Korea,Fresh ground water,Total gross abstraction,2013,Cubic metres,4071.0
274,Korea,Fresh ground water,Total gross abstraction,2014,Cubic metres,4085.0
275,Korea,Fresh ground water,Total gross abstraction,2015,Cubic metres,4094.0
276,Korea,Fresh ground water,Public water supply,2008,Cubic metres,1829.0
277,Korea,Fresh ground water,Public water supply,2009,Cubic metres,1812.0
278,Korea,Fresh ground water,Public water supply,2010,Cubic metres,1778.0
279,Korea,Fresh ground water,Public water supply,2011,Cubic metres,1802.0
280,Korea,Fresh ground water,Public water supply,2012,Cubic metres,1816.0
281,Korea,Fresh ground water,Public water supply,2013,Cubic metres,1835.0
282,Korea,Fresh ground water,Public water supply,2014,Cubic metres,1838.0
283,Korea,Fresh ground water,Public water supply,2015,Cubic metres,1817.0
284,Korea,Fresh ground water,"Agriculture, forestry, fishing",2008,Cubic metres,1773.0
285,Korea,Fresh ground water,"Agriculture, forestry, fishing",2009,Cubic metres,1816.0
286,Korea,Fresh ground water,"Agriculture, forestry, fishing",2010,Cubic metres,1861.0
287,Korea,Fresh ground water,"Agriculture, forestry, fishing",2011,Cubic metres,1933.0
288,Korea,Fresh ground water,"Agriculture, forestry, fishing",2012,Cubic metres,1998.0
289,Korea,Fresh ground water,"Agriculture, forestry, fishing",2013,Cubic metres,2064.0
290,Korea,Fresh ground water,"Agriculture, forestry, fishing",2014,Cubic metres,2082.0
291,Korea,Fresh ground water,"Agriculture, forestry, fishing",2015,Cubic metres,2113.0
292,Korea,Fresh ground water,Irrigation,2008,Cubic metres,1465.0
293,Korea,Fresh ground water,Irrigation,2009,Cubic metres,1485.0
294,Korea,Fresh ground water,Irrigation,2010,Cubic metres,1530.0
295,Korea,Fresh ground water,Irrigation,2011,Cubic metres,1589.0
296,Korea,Fresh ground water,Irrigation,2012,Cubic metres,1638.0
297,Korea,Fresh ground water,Irrigation,2013,Cubic metres,1676.0
298,Korea,Fresh ground water,Irrigation,2014,Cubic metres,1681.0
299,Korea,Fresh ground water,Irrigation,2015,Cubic metres,1701.0
300,Korea,Fresh ground water,Manufacturing industry,2008,Cubic metres,182.0
301,Korea,Fresh ground water,Manufacturing industry,2009,Cubic metres,179.0
302,Korea,Fresh ground water,Manufacturing industry,2010,Cubic metres,168.0
303,Korea,Fresh ground water,Manufacturing industry,2011,Cubic metres,172.0
304,Korea,Fresh ground water,Manufacturing industry,2012,Cubic metres,176.0
305,Korea,Fresh ground water,Manufacturing industry,2013,Cubic metres,172.0
306,Korea,Fresh ground water,Manufacturing industry,2014,Cubic metres,165.0
307,Korea,Fresh ground water,Manufacturing industry,2015,Cubic metres,164.0
308,Luxembourg,Fresh ground water,Total gross abstraction,2009,Cubic metres,27.0
309,Luxembourg,Fresh ground water,Total gross abstraction,2010,Cubic metres,23.0
310,Luxembourg,Fresh ground water,Total gross abstraction,2011,Cubic metres,22.0
311,Luxembourg,Fresh ground water,Total gross abstraction,2012,Cubic metres,21.0
312,Luxembourg,Fresh ground water,Total gross abstraction,2013,Cubic metres,25.0
313,Luxembourg,Fresh ground water,Total gross abstraction,2014,Cubic metres,26.67
314,Luxembourg,Fresh ground water,Total gross abstraction,2015,Cubic metres,25.35
315,Luxembourg,Fresh ground water,Total gross abstraction,2016,Cubic metres,22.875999999999998
316,Luxembourg,Fresh ground water,Public water supply,2009,Cubic metres,23.0
317,Luxembourg,Fresh ground water,Public water supply,2010,Cubic metres,23.0
318,Luxembourg,Fresh ground water,Public water supply,2011,Cubic metres,21.0
319,Luxembourg,Fresh ground water,Public water supply,2012,Cubic metres,20.0
320,Luxembourg,Fresh ground water,Public water supply,2013,Cubic metres,23.0
321,Luxembourg,Fresh ground water,Public water supply,2014,Cubic metres,24.61
322,Luxembourg,Fresh ground water,Public water supply,2015,Cubic metres,23.73
323,Luxembourg,Fresh ground water,Public water supply,2016,Cubic metres,22.706
324,Luxembourg,Fresh ground water,"Agriculture, forestry, fishing",2014,Cubic metres,0.3
325,Luxembourg,Fresh ground water,"Agriculture, forestry, fishing",2015,Cubic metres,0.68
326,Luxembourg,Fresh ground water,"Agriculture, forestry, fishing",2016,Cubic metres,0.013999999999999999
327,Luxembourg,Fresh ground water,Irrigation,2011,Cubic metres,0.013000000000000001
328,Luxembourg,Fresh ground water,Irrigation,2012,Cubic metres,0.016
329,Luxembourg,Fresh ground water,Irrigation,2015,Cubic metres,0.06
330,Luxembourg,Fresh ground water,Irrigation,2016,Cubic metres,0.0001
331,Luxembourg,Fresh ground water,Manufacturing industry,2010,Cubic metres,1.0
332,Luxembourg,Fresh ground water,Manufacturing industry,2011,Cubic metres,1.0
333,Luxembourg,Fresh ground water,Manufacturing industry,2012,Cubic metres,1.0
334,Luxembourg,Fresh ground water,Manufacturing industry,2013,Cubic metres,2.0
335,Luxembourg,Fresh ground water,Manufacturing industry,2014,Cubic metres,1.3
336,Luxembourg,Fresh ground water,Manufacturing industry,2015,Cubic metres,0.94
337,Luxembourg,Fresh ground water,Manufacturing industry,2016,Cubic metres,0.155
338,Mexico,Fresh ground water,Total gross abstraction,2008,Cubic metres,29528.79
339,Mexico,Fresh ground water,Total gross abstraction,2009,Cubic metres,30107.237110000002
340,Mexico,Fresh ground water,Total gross abstraction,2010,Cubic metres,30204.820610000002
341,Mexico,Fresh ground water,Total gross abstraction,2011,Cubic metres,30613.785839999997
342,Mexico,Fresh ground water,Total gross abstraction,2012,Cubic metres,31783.146010000004
343,Mexico,Fresh ground water,Total gross abstraction,2013,Cubic metres,30374.246160000002
344,Mexico,Fresh ground water,Total gross abstraction,2014,Cubic metres,32906.11026
345,Mexico,Fresh ground water,Total gross abstraction,2015,Cubic metres,33311.055830000005
346,Mexico,Fresh ground water,Total gross abstraction,2016,Cubic metres,33819.14172
347,Mexico,Fresh ground water,Public water supply,2008,Cubic metres,6958.08247
348,Mexico,Fresh ground water,Public water supply,2009,Cubic metres,7085.29903
349,Mexico,Fresh ground water,Public water supply,2010,Cubic metres,7110.6186
350,Mexico,Fresh ground water,Public water supply,2011,Cubic metres,7154.31364
351,Mexico,Fresh ground water,Public water supply,2012,Cubic metres,7277.24083
352,Mexico,Fresh ground water,Public water supply,2013,Cubic metres,7220.053459999999
353,Mexico,Fresh ground water,Public water supply,2014,Cubic metres,7290.80875
354,Mexico,Fresh ground water,Public water supply,2015,Cubic metres,7290.65333
355,Mexico,Fresh ground water,Public water supply,2016,Cubic metres,7359.80242
356,Mexico,Fresh ground water,"Agriculture, forestry, fishing",2008,Cubic metres,20480.8694
357,Mexico,Fresh ground water,"Agriculture, forestry, fishing",2009,Cubic metres,20874.508
358,Mexico,Fresh ground water,"Agriculture, forestry, fishing",2010,Cubic metres,20915.15893
359,Mexico,Fresh ground water,"Agriculture, forestry, fishing",2011,Cubic metres,21241.39577
360,Mexico,Fresh ground water,"Agriculture, forestry, fishing",2012,Cubic metres,22177.41358
361,Mexico,Fresh ground water,"Agriculture, forestry, fishing",2013,Cubic metres,20784.28525
362,Mexico,Fresh ground water,"Agriculture, forestry, fishing",2014,Cubic metres,23155.4675
363,Mexico,Fresh ground water,"Agriculture, forestry, fishing",2015,Cubic metres,23472.87293
364,Mexico,Fresh ground water,"Agriculture, forestry, fishing",2016,Cubic metres,23842.19653
365,Mexico,Fresh ground water,Irrigation,2014,Cubic metres,19881.025169999997
366,Mexico,Fresh ground water,Irrigation,2015,Cubic metres,20024.82008
367,Mexico,Fresh ground water,Irrigation,2016,Cubic metres,20248.21573
368,Mexico,Fresh ground water,Manufacturing industry,2008,Cubic metres,1648.0717300000001
369,Mexico,Fresh ground water,Manufacturing industry,2009,Cubic metres,1702.98241
370,Mexico,Fresh ground water,Manufacturing industry,2010,Cubic metres,1734.49155
371,Mexico,Fresh ground water,Manufacturing industry,2011,Cubic metres,1773.5249
372,Mexico,Fresh ground water,Manufacturing industry,2012,Cubic metres,1884.51894
373,Mexico,Fresh ground water,Manufacturing industry,2013,Cubic metres,1929.37618
374,Mexico,Fresh ground water,Manufacturing industry,2014,Cubic metres,2006.03142
375,Mexico,Fresh ground water,Manufacturing industry,2015,Cubic metres,2068.35007
376,Mexico,Fresh ground water,Manufacturing industry,2016,Cubic metres,2163.56057
377,Netherlands,Fresh ground water,Total gross abstraction,2008,Cubic metres,984.0
378,Netherlands,Fresh ground water,Total gross abstraction,2009,Cubic metres,1016.0
379,Netherlands,Fresh ground water,Total gross abstraction,2010,Cubic metres,1063.0
380,Netherlands,Fresh ground water,Total gross abstraction,2011,Cubic metres,1049.0
381,Netherlands,Fresh ground water,Total gross abstraction,2012,Cubic metres,993.0
382,Netherlands,Fresh ground water,Total gross abstraction,2013,Cubic metres,1044.0
383,Netherlands,Fresh ground water,Total gross abstraction,2014,Cubic metres,1016.0
384,Netherlands,Fresh ground water,Public water supply,2008,Cubic metres,762.0
385,Netherlands,Fresh ground water,Public water supply,2009,Cubic metres,761.0
386,Netherlands,Fresh ground water,Public water supply,2010,Cubic metres,761.0
387,Netherlands,Fresh ground water,Public water supply,2011,Cubic metres,756.0
388,Netherlands,Fresh ground water,Public water supply,2012,Cubic metres,754.0
389,Netherlands,Fresh ground water,Public water supply,2013,Cubic metres,763.0
390,Netherlands,Fresh ground water,Public water supply,2014,Cubic metres,758.0
391,Netherlands,Fresh ground water,"Agriculture, forestry, fishing",2008,Cubic metres,51.0
392,Netherlands,Fresh ground water,"Agriculture, forestry, fishing",2009,Cubic metres,80.0
393,Netherlands,Fresh ground water,"Agriculture, forestry, fishing",2010,Cubic metres,93.0
394,Netherlands,Fresh ground water,"Agriculture, forestry, fishing",2011,Cubic metres,89.0
395,Netherlands,Fresh ground water,"Agriculture, forestry, fishing",2012,Cubic metres,47.0
396,Netherlands,Fresh ground water,"Agriculture, forestry, fishing",2013,Cubic metres,83.0
397,Netherlands,Fresh ground water,"Agriculture, forestry, fishing",2014,Cubic metres,61.0
398,Netherlands,Fresh ground water,Irrigation,2008,Cubic metres,24.0
399,Netherlands,Fresh ground water,Irrigation,2009,Cubic metres,46.0
400,Netherlands,Fresh ground water,Irrigation,2010,Cubic metres,63.0
401,Netherlands,Fresh ground water,Irrigation,2011,Cubic metres,60.0
402,Netherlands,Fresh ground water,Irrigation,2012,Cubic metres,19.0
403,Netherlands,Fresh ground water,Irrigation,2013,Cubic metres,53.0
404,Netherlands,Fresh ground water,Irrigation,2014,Cubic metres,30.0
405,Netherlands,Fresh ground water,Manufacturing industry,2008,Cubic metres,168.0
406,Netherlands,Fresh ground water,Manufacturing industry,2009,Cubic metres,170.0
407,Netherlands,Fresh ground water,Manufacturing industry,2010,Cubic metres,131.0
408,Netherlands,Fresh ground water,Manufacturing industry,2011,Cubic metres,134.0
409,Netherlands,Fresh ground water,Manufacturing industry,2012,Cubic metres,128.0
410,Netherlands,Fresh ground water,Manufacturing industry,2013,Cubic metres,133.0
411,Netherlands,Fresh ground water,Manufacturing industry,2014,Cubic metres,134.0
412,New Zealand,Fresh ground water,Total gross abstraction,2010,Cubic metres,1673.5
413,New Zealand,Fresh ground water,Total gross abstraction,2014,Cubic metres,2563.53
414,New Zealand,Fresh ground water,Public water supply,2010,Cubic metres,370.0
415,New Zealand,Fresh ground water,Public water supply,2014,Cubic metres,590.87
416,New Zealand,Fresh ground water,"Agriculture, forestry, fishing",2010,Cubic metres,1030.5
417,New Zealand,Fresh ground water,Irrigation,2010,Cubic metres,1012.5
418,New Zealand,Fresh ground water,Irrigation,2014,Cubic metres,1615.43
419,New Zealand,Fresh ground water,Manufacturing industry,2010,Cubic metres,273.0
420,New Zealand,Fresh ground water,Manufacturing industry,2014,Cubic metres,148.07
421,Norway,Fresh ground water,Public water supply,2008,Cubic metres,82.0
422,Norway,Fresh ground water,Public water supply,2009,Cubic metres,80.0
423,Norway,Fresh ground water,Public water supply,2010,Cubic metres,75.0
424,Norway,Fresh ground water,Public water supply,2011,Cubic metres,79.0
425,Norway,Fresh ground water,Public water supply,2012,Cubic metres,100.0
426,Norway,Fresh ground water,Public water supply,2013,Cubic metres,108.0
427,Norway,Fresh ground water,Public water supply,2014,Cubic metres,116.0
428,Norway,Fresh ground water,Manufacturing industry,2008,Cubic metres,25.0
429,Norway,Fresh ground water,Manufacturing industry,2009,Cubic metres,22.0
430,Poland,Fresh ground water,Total gross abstraction,2008,Cubic metres,2638.0
431,Poland,Fresh ground water,Total gross abstraction,2009,Cubic metres,2586.0
432,Poland,Fresh ground water,Total gross abstraction,2010,Cubic metres,2722.0
433,Poland,Fresh ground water,Total gross abstraction,2011,Cubic metres,2733.0
434,Poland,Fresh ground water,Total gross abstraction,2012,Cubic metres,2644.0
435,Poland,Fresh ground water,Total gross abstraction,2013,Cubic metres,2608.0
436,Poland,Fresh ground water,Total gross abstraction,2014,Cubic metres,2577.5
437,Poland,Fresh ground water,Total gross abstraction,2015,Cubic metres,2607.5
438,Poland,Fresh ground water,Total gross abstraction,2016,Cubic metres,2593.6
439,Poland,Fresh ground water,Public water supply,2008,Cubic metres,1441.0
440,Poland,Fresh ground water,Public water supply,2009,Cubic metres,1418.0
441,Poland,Fresh ground water,Public water supply,2010,Cubic metres,1425.0
442,Poland,Fresh ground water,Public water supply,2011,Cubic metres,1422.0
443,Poland,Fresh ground water,Public water supply,2012,Cubic metres,1429.0
444,Poland,Fresh ground water,Public water supply,2013,Cubic metres,1416.0
445,Poland,Fresh ground water,Public water supply,2014,Cubic metres,1415.9
446,Poland,Fresh ground water,Public water supply,2015,Cubic metres,1468.3
447,Poland,Fresh ground water,Public water supply,2016,Cubic metres,1473.8
448,Poland,Fresh ground water,"Agriculture, forestry, fishing",2014,Cubic metres,1.1
449,Poland,Fresh ground water,"Agriculture, forestry, fishing",2015,Cubic metres,1.7
450,Poland,Fresh ground water,"Agriculture, forestry, fishing",2016,Cubic metres,2.7
451,Poland,Fresh ground water,Irrigation,2014,Cubic metres,1.1
452,Poland,Fresh ground water,Irrigation,2015,Cubic metres,1.7
453,Poland,Fresh ground water,Irrigation,2016,Cubic metres,2.7
454,Poland,Fresh ground water,Manufacturing industry,2008,Cubic metres,158.0
455,Poland,Fresh ground water,Manufacturing industry,2009,Cubic metres,149.0
456,Poland,Fresh ground water,Manufacturing industry,2010,Cubic metres,151.0
457,Poland,Fresh ground water,Manufacturing industry,2011,Cubic metres,158.0
458,Poland,Fresh ground water,Manufacturing industry,2012,Cubic metres,156.0
459,Poland,Fresh ground water,Manufacturing industry,2013,Cubic metres,155.0
460,Poland,Fresh ground water,Manufacturing industry,2014,Cubic metres,157.9
461,Poland,Fresh ground water,Manufacturing industry,2015,Cubic metres,161.7
462,Poland,Fresh ground water,Manufacturing industry,2016,Cubic metres,164.0
463,Portugal,Fresh ground water,Public water supply,2008,Cubic metres,317.00397000000004
464,Portugal,Fresh ground water,Public water supply,2009,Cubic metres,322.64038
465,Portugal,Fresh ground water,Public water supply,2012,Cubic metres,298.3
466,Portugal,Fresh ground water,Public water supply,2013,Cubic metres,313.07132
467,Portugal,Fresh ground water,Public water supply,2014,Cubic metres,303.95644
468,Portugal,Fresh ground water,Irrigation,2013,Cubic metres,1506.89
469,Slovak Republic,Fresh ground water,Total gross abstraction,2008,Cubic metres,351.0
470,Slovak Republic,Fresh ground water,Total gross abstraction,2009,Cubic metres,348.0
471,Slovak Republic,Fresh ground water,Total gross abstraction,2010,Cubic metres,341.0
472,Slovak Republic,Fresh ground water,Total gross abstraction,2011,Cubic metres,334.0
473,Slovak Republic,Fresh ground water,Total gross abstraction,2012,Cubic metres,339.0
474,Slovak Republic,Fresh ground water,Total gross abstraction,2013,Cubic metres,329.0
475,Slovak Republic,Fresh ground water,Total gross abstraction,2014,Cubic metres,321.0
476,Slovak Republic,Fresh ground water,Total gross abstraction,2015,Cubic metres,326.0
477,Slovak Republic,Fresh ground water,Total gross abstraction,2016,Cubic metres,323.0
478,Slovak Republic,Fresh ground water,Public water supply,2008,Cubic metres,267.0
479,Slovak Republic,Fresh ground water,Public water supply,2009,Cubic metres,267.0
480,Slovak Republic,Fresh ground water,Public water supply,2010,Cubic metres,261.0
481,Slovak Republic,Fresh ground water,Public water supply,2011,Cubic metres,254.0
482,Slovak Republic,Fresh ground water,Public water supply,2012,Cubic metres,257.0
483,Slovak Republic,Fresh ground water,Public water supply,2013,Cubic metres,248.0
484,Slovak Republic,Fresh ground water,Public water supply,2014,Cubic metres,241.0
485,Slovak Republic,Fresh ground water,Public water supply,2015,Cubic metres,242.0
486,Slovak Republic,Fresh ground water,Public water supply,2016,Cubic metres,240.0
487,Slovak Republic,Fresh ground water,"Agriculture, forestry, fishing",2008,Cubic metres,8.0
488,Slovak Republic,Fresh ground water,"Agriculture, forestry, fishing",2009,Cubic metres,13.0
489,Slovak Republic,Fresh ground water,"Agriculture, forestry, fishing",2010,Cubic metres,12.0
490,Slovak Republic,Fresh ground water,"Agriculture, forestry, fishing",2011,Cubic metres,12.0
491,Slovak Republic,Fresh ground water,"Agriculture, forestry, fishing",2012,Cubic metres,13.0
492,Slovak Republic,Fresh ground water,"Agriculture, forestry, fishing",2013,Cubic metres,12.0
493,Slovak Republic,Fresh ground water,"Agriculture, forestry, fishing",2014,Cubic metres,12.0
494,Slovak Republic,Fresh ground water,"Agriculture, forestry, fishing",2015,Cubic metres,13.0
495,Slovak Republic,Fresh ground water,"Agriculture, forestry, fishing",2016,Cubic metres,8.0
496,Slovak Republic,Fresh ground water,Irrigation,2008,Cubic metres,2.0
497,Slovak Republic,Fresh ground water,Irrigation,2009,Cubic metres,2.0
498,Slovak Republic,Fresh ground water,Irrigation,2010,Cubic metres,1.0
499,Slovak Republic,Fresh ground water,Irrigation,2011,Cubic metres,2.0
500,Slovak Republic,Fresh ground water,Irrigation,2012,Cubic metres,3.0
501,Slovak Republic,Fresh ground water,Irrigation,2013,Cubic metres,3.0
502,Slovak Republic,Fresh ground water,Irrigation,2014,Cubic metres,3.0
503,Slovak Republic,Fresh ground water,Irrigation,2015,Cubic metres,4.0
504,Slovak Republic,Fresh ground water,Irrigation,2016,Cubic metres,2.0
505,Slovak Republic,Fresh ground water,Manufacturing industry,2008,Cubic metres,35.0
506,Slovak Republic,Fresh ground water,Manufacturing industry,2009,Cubic metres,46.0
507,Slovak Republic,Fresh ground water,Manufacturing industry,2010,Cubic metres,48.0
508,Slovak Republic,Fresh ground water,Manufacturing industry,2011,Cubic metres,49.0
509,Slovak Republic,Fresh ground water,Manufacturing industry,2012,Cubic metres,51.0
510,Slovak Republic,Fresh ground water,Manufacturing industry,2013,Cubic metres,50.0
511,Slovak Republic,Fresh ground water,Manufacturing industry,2014,Cubic metres,49.0
512,Slovak Republic,Fresh ground water,Manufacturing industry,2015,Cubic metres,50.0
513,Slovak Republic,Fresh ground water,Manufacturing industry,2016,Cubic metres,51.0
514,Spain,Fresh ground water,Total gross abstraction,2008,Cubic metres,6174.0
515,Spain,Fresh ground water,Total gross abstraction,2009,Cubic metres,6732.0
516,Spain,Fresh ground water,Total gross abstraction,2010,Cubic metres,6573.0
517,Spain,Fresh ground water,Total gross abstraction,2011,Cubic metres,6119.0
518,Spain,Fresh ground water,Total gross abstraction,2012,Cubic metres,6473.0
519,Spain,Fresh ground water,Total gross abstraction,2013,Cubic metres,6091.0
520,Spain,Fresh ground water,Total gross abstraction,2014,Cubic metres,6289.0
521,Spain,Fresh ground water,Public water supply,2008,Cubic metres,1557.0
522,Spain,Fresh ground water,Public water supply,2009,Cubic metres,1520.0
523,Spain,Fresh ground water,Public water supply,2010,Cubic metres,1590.0
524,Spain,Fresh ground water,Public water supply,2011,Cubic metres,1546.0
525,Spain,Fresh ground water,Public water supply,2012,Cubic metres,1594.0
526,Spain,Fresh ground water,Public water supply,2013,Cubic metres,1610.0
527,Spain,Fresh ground water,Public water supply,2014,Cubic metres,1497.0
528,Spain,Fresh ground water,"Agriculture, forestry, fishing",2008,Cubic metres,4400.0
529,Spain,Fresh ground water,"Agriculture, forestry, fishing",2009,Cubic metres,5000.0
530,Spain,Fresh ground water,"Agriculture, forestry, fishing",2010,Cubic metres,4800.0
531,Spain,Fresh ground water,"Agriculture, forestry, fishing",2011,Cubic metres,4400.0
532,Spain,Fresh ground water,"Agriculture, forestry, fishing",2012,Cubic metres,4716.0
533,Spain,Fresh ground water,"Agriculture, forestry, fishing",2013,Cubic metres,4320.0
534,Spain,Fresh ground water,"Agriculture, forestry, fishing",2014,Cubic metres,4633.0
535,Spain,Fresh ground water,Irrigation,2008,Cubic metres,4400.0
536,Spain,Fresh ground water,Irrigation,2009,Cubic metres,5000.0
537,Spain,Fresh ground water,Irrigation,2010,Cubic metres,4800.0
538,Spain,Fresh ground water,Irrigation,2011,Cubic metres,4400.0
539,Spain,Fresh ground water,Irrigation,2012,Cubic metres,4716.0
540,Spain,Fresh ground water,Irrigation,2013,Cubic metres,4320.0
541,Spain,Fresh ground water,Irrigation,2014,Cubic metres,4633.0
542,Spain,Fresh ground water,Manufacturing industry,2008,Cubic metres,185.0
543,Spain,Fresh ground water,Manufacturing industry,2009,Cubic metres,182.0
544,Spain,Fresh ground water,Manufacturing industry,2010,Cubic metres,183.0
545,Spain,Fresh ground water,Manufacturing industry,2011,Cubic metres,173.0
546,Spain,Fresh ground water,Manufacturing industry,2012,Cubic metres,163.0
547,Spain,Fresh ground water,Manufacturing industry,2013,Cubic metres,161.0
548,Spain,Fresh ground water,Manufacturing industry,2014,Cubic metres,159.0
549,Sweden,Fresh ground water,Total gross abstraction,2010,Cubic metres,348.0
550,Sweden,Fresh ground water,Public water supply,2010,Cubic metres,200.0
551,Sweden,Fresh ground water,"Agriculture, forestry, fishing",2010,Cubic metres,48.0
552,Sweden,Fresh ground water,Irrigation,2010,Cubic metres,12.0
553,Sweden,Fresh ground water,Manufacturing industry,2010,Cubic metres,13.0
554,Switzerland,Fresh ground water,Total gross abstraction,2012,Cubic metres,1005.3
555,Switzerland,Fresh ground water,Public water supply,2008,Cubic metres,799.0
556,Switzerland,Fresh ground water,Public water supply,2009,Cubic metres,777.0
557,Switzerland,Fresh ground water,Public water supply,2010,Cubic metres,751.0
558,Switzerland,Fresh ground water,Public water supply,2011,Cubic metres,763.0
559,Switzerland,Fresh ground water,Public water supply,2012,Cubic metres,761.0
560,Switzerland,Fresh ground water,Public water supply,2013,Cubic metres,744.0
561,Switzerland,Fresh ground water,Public water supply,2014,Cubic metres,736.0
562,Switzerland,Fresh ground water,Public water supply,2015,Cubic metres,753.0
563,Switzerland,Fresh ground water,Public water supply,2016,Cubic metres,746.0
564,Switzerland,Fresh ground water,"Agriculture, forestry, fishing",2012,Cubic metres,40.36
565,Switzerland,Fresh ground water,Irrigation,2012,Cubic metres,17.4
566,Switzerland,Fresh ground water,Manufacturing industry,2012,Cubic metres,149.63
567,Turkey,Fresh ground water,Total gross abstraction,2008,Cubic metres,12419.0
568,Turkey,Fresh ground water,Total gross abstraction,2009,Cubic metres,12811.0
569,Turkey,Fresh ground water,Total gross abstraction,2010,Cubic metres,13138.0
570,Turkey,Fresh ground water,Total gross abstraction,2011,Cubic metres,13560.0
571,Turkey,Fresh ground water,Total gross abstraction,2012,Cubic metres,13560.0
572,Turkey,Fresh ground water,Total gross abstraction,2013,Cubic metres,13560.0
573,Turkey,Fresh ground water,Total gross abstraction,2014,Cubic metres,14600.0
574,Turkey,Fresh ground water,Public water supply,2008,Cubic metres,3439.0
575,Turkey,Fresh ground water,Public water supply,2009,Cubic metres,3261.0
576,Turkey,Fresh ground water,Public water supply,2010,Cubic metres,3233.0
577,Turkey,Fresh ground water,Public water supply,2011,Cubic metres,3288.0
578,Turkey,Fresh ground water,Public water supply,2012,Cubic metres,3299.0
579,Turkey,Fresh ground water,Public water supply,2014,Cubic metres,2833.33
580,Turkey,Fresh ground water,"Agriculture, forestry, fishing",2008,Cubic metres,6772.0
581,Turkey,Fresh ground water,"Agriculture, forestry, fishing",2009,Cubic metres,7035.0
582,Turkey,Fresh ground water,"Agriculture, forestry, fishing",2010,Cubic metres,7197.0
583,Turkey,Fresh ground water,"Agriculture, forestry, fishing",2011,Cubic metres,7544.0
584,Turkey,Fresh ground water,"Agriculture, forestry, fishing",2012,Cubic metres,7544.0
585,Turkey,Fresh ground water,"Agriculture, forestry, fishing",2013,Cubic metres,8790.0
586,Turkey,Fresh ground water,"Agriculture, forestry, fishing",2014,Cubic metres,9180.0
587,Turkey,Fresh ground water,"Agriculture, forestry, fishing",2015,Cubic metres,9180.0
588,Turkey,Fresh ground water,Irrigation,2008,Cubic metres,6772.0
589,Turkey,Fresh ground water,Irrigation,2009,Cubic metres,7035.0
590,Turkey,Fresh ground water,Irrigation,2010,Cubic metres,7197.0
591,Turkey,Fresh ground water,Irrigation,2011,Cubic metres,7544.0
592,Turkey,Fresh ground water,Irrigation,2012,Cubic metres,7544.0
593,Turkey,Fresh ground water,Irrigation,2013,Cubic metres,8790.0
594,Turkey,Fresh ground water,Irrigation,2014,Cubic metres,9180.0
595,Turkey,Fresh ground water,Irrigation,2015,Cubic metres,9180.0
596,Turkey,Fresh ground water,Manufacturing industry,2008,Cubic metres,466.0
597,Turkey,Fresh ground water,Manufacturing industry,2010,Cubic metres,586.0
598,Turkey,Fresh ground water,Manufacturing industry,2012,Cubic metres,422.0
599,Turkey,Fresh ground water,Manufacturing industry,2014,Cubic metres,474.67
600,United States,Fresh ground water,Total gross abstraction,2010,Cubic metres,109566.85138
601,United States,Fresh ground water,Public water supply,2010,Cubic metres,21692.30223
602,United States,Fresh ground water,"Agriculture, forestry, fishing",2010,Cubic metres,72565.58682000001
603,United States,Fresh ground water,Irrigation,2010,Cubic metres,68392.92741
604,United States,Fresh ground water,Manufacturing industry,2010,Cubic metres,4073.73146
605,Chile,Fresh ground water,Public water supply,2008,Cubic metres,596.58
606,Chile,Fresh ground water,Public water supply,2009,Cubic metres,599.4
607,Chile,Fresh ground water,Public water supply,2010,Cubic metres,620.5
608,Chile,Fresh ground water,Public water supply,2011,Cubic metres,652.4
609,Chile,Fresh ground water,Public water supply,2012,Cubic metres,686.0
610,Chile,Fresh ground water,Public water supply,2013,Cubic metres,683.0
611,Chile,Fresh ground water,Public water supply,2014,Cubic metres,723.0
612,Chile,Fresh ground water,Public water supply,2015,Cubic metres,730.0
613,Chile,Fresh ground water,Public water supply,2016,Cubic metres,708.8789999999999
614,Estonia,Fresh ground water,Total gross abstraction,2008,Cubic metres,329.63
615,Estonia,Fresh ground water,Total gross abstraction,2009,Cubic metres,331.67699999999996
616,Estonia,Fresh ground water,Total gross abstraction,2010,Cubic metres,296.0
617,Estonia,Fresh ground water,Total gross abstraction,2011,Cubic metres,299.14599999999996
618,Estonia,Fresh ground water,Total gross abstraction,2012,Cubic metres,273.81201
619,Estonia,Fresh ground water,Total gross abstraction,2013,Cubic metres,212.8
620,Estonia,Fresh ground water,Total gross abstraction,2014,Cubic metres,198.65152
621,Estonia,Fresh ground water,Total gross abstraction,2015,Cubic metres,201.52446
622,Estonia,Fresh ground water,Total gross abstraction,2016,Cubic metres,221.7496
623,Estonia,Fresh ground water,Public water supply,2009,Cubic metres,34.01
624,Estonia,Fresh ground water,Public water supply,2010,Cubic metres,39.42
625,Estonia,Fresh ground water,Public water supply,2011,Cubic metres,74.906
626,Estonia,Fresh ground water,Public water supply,2012,Cubic metres,34.675
627,Estonia,Fresh ground water,Public water supply,2013,Cubic metres,32.24
628,Estonia,Fresh ground water,Public water supply,2014,Cubic metres,33.096470000000004
629,Estonia,Fresh ground water,Public water supply,2015,Cubic metres,32.157509999999995
630,Estonia,Fresh ground water,Public water supply,2016,Cubic metres,32.444320000000005
631,Estonia,Fresh ground water,"Agriculture, forestry, fishing",2009,Cubic metres,4.18
632,Estonia,Fresh ground water,"Agriculture, forestry, fishing",2010,Cubic metres,4.468
633,Estonia,Fresh ground water,"Agriculture, forestry, fishing",2011,Cubic metres,4.435969999999999
634,Estonia,Fresh ground water,"Agriculture, forestry, fishing",2012,Cubic metres,4.4431400000000005
635,Estonia,Fresh ground water,"Agriculture, forestry, fishing",2013,Cubic metres,4.6624300000000005
636,Estonia,Fresh ground water,"Agriculture, forestry, fishing",2014,Cubic metres,4.75195
637,Estonia,Fresh ground water,"Agriculture, forestry, fishing",2015,Cubic metres,5.04367
638,Estonia,Fresh ground water,"Agriculture, forestry, fishing",2016,Cubic metres,4.86
639,Estonia,Fresh ground water,Manufacturing industry,2009,Cubic metres,6.01
640,Estonia,Fresh ground water,Manufacturing industry,2010,Cubic metres,6.8
641,Estonia,Fresh ground water,Manufacturing industry,2011,Cubic metres,6.23681
642,Estonia,Fresh ground water,Manufacturing industry,2012,Cubic metres,5.60569
643,Israel,Fresh ground water,Total gross abstraction,2008,Cubic metres,961.0
644,Israel,Fresh ground water,Total gross abstraction,2009,Cubic metres,834.0
645,Israel,Fresh ground water,Total gross abstraction,2010,Cubic metres,836.0
646,Israel,Fresh ground water,Total gross abstraction,2011,Cubic metres,749.0
647,Israel,Fresh ground water,Total gross abstraction,2012,Cubic metres,802.0
648,Israel,Fresh ground water,Total gross abstraction,2013,Cubic metres,651.0
649,Israel,Fresh ground water,Total gross abstraction,2014,Cubic metres,801.0
650,Israel,Fresh ground water,Total gross abstraction,2015,Cubic metres,764.0
651,Israel,Fresh ground water,Public water supply,2008,Cubic metres,892.2
652,Israel,Fresh ground water,"Agriculture, forestry, fishing",2008,Cubic metres,27.87
653,Israel,Fresh ground water,Irrigation,2008,Cubic metres,27.87
654,Israel,Fresh ground water,Manufacturing industry,2008,Cubic metres,40.65
655,Slovenia,Fresh ground water,Total gross abstraction,2008,Cubic metres,186.0
656,Slovenia,Fresh ground water,Total gross abstraction,2009,Cubic metres,190.0
657,Slovenia,Fresh ground water,Total gross abstraction,2010,Cubic metres,185.0
658,Slovenia,Fresh ground water,Total gross abstraction,2011,Cubic metres,185.0
659,Slovenia,Fresh ground water,Total gross abstraction,2012,Cubic metres,180.0
660,Slovenia,Fresh ground water,Total gross abstraction,2013,Cubic metres,181.0
661,Slovenia,Fresh ground water,Total gross abstraction,2014,Cubic metres,181.24
662,Slovenia,Fresh ground water,Total gross abstraction,2015,Cubic metres,181.6
663,Slovenia,Fresh ground water,Total gross abstraction,2016,Cubic metres,179.59
664,Slovenia,Fresh ground water,Public water supply,2008,Cubic metres,162.0
665,Slovenia,Fresh ground water,Public water supply,2009,Cubic metres,161.0
666,Slovenia,Fresh ground water,Public water supply,2010,Cubic metres,162.0
667,Slovenia,Fresh ground water,Public water supply,2011,Cubic metres,165.0
668,Slovenia,Fresh ground water,Public water supply,2012,Cubic metres,158.0
669,Slovenia,Fresh ground water,Public water supply,2013,Cubic metres,161.0
670,Slovenia,Fresh ground water,Public water supply,2014,Cubic metres,160.6
671,Slovenia,Fresh ground water,Public water supply,2015,Cubic metres,162.2
672,Slovenia,Fresh ground water,Public water supply,2016,Cubic metres,160.34
673,Slovenia,Fresh ground water,"Agriculture, forestry, fishing",2010,Cubic metres,1.0
674,Slovenia,Fresh ground water,"Agriculture, forestry, fishing",2013,Cubic metres,1.0
675,Slovenia,Fresh ground water,"Agriculture, forestry, fishing",2014,Cubic metres,0.1
676,Slovenia,Fresh ground water,"Agriculture, forestry, fishing",2015,Cubic metres,0.43
677,Slovenia,Fresh ground water,"Agriculture, forestry, fishing",2016,Cubic metres,0.65
678,Slovenia,Fresh ground water,Irrigation,2010,Cubic metres,1.0
679,Slovenia,Fresh ground water,Irrigation,2013,Cubic metres,1.0
680,Slovenia,Fresh ground water,Irrigation,2014,Cubic metres,0.1
681,Slovenia,Fresh ground water,Irrigation,2015,Cubic metres,0.43
682,Slovenia,Fresh ground water,Irrigation,2016,Cubic metres,0.65
683,Slovenia,Fresh ground water,Manufacturing industry,2008,Cubic metres,23.0
684,Slovenia,Fresh ground water,Manufacturing industry,2009,Cubic metres,28.0
685,Slovenia,Fresh ground water,Manufacturing industry,2010,Cubic metres,22.0
686,Slovenia,Fresh ground water,Manufacturing industry,2011,Cubic metres,19.0
687,Slovenia,Fresh ground water,Manufacturing industry,2012,Cubic metres,20.0
688,Slovenia,Fresh ground water,Manufacturing industry,2013,Cubic metres,20.0
689,Slovenia,Fresh ground water,Manufacturing industry,2014,Cubic metres,20.54
690,Slovenia,Fresh ground water,Manufacturing industry,2015,Cubic metres,18.5
691,Slovenia,Fresh ground water,Manufacturing industry,2016,Cubic metres,18.6
692,England and Wales,Fresh ground water,Total gross abstraction,2008,Cubic metres,2139.0
693,England and Wales,Fresh ground water,Total gross abstraction,2009,Cubic metres,2163.0
694,England and Wales,Fresh ground water,Total gross abstraction,2010,Cubic metres,2152.0
695,England and Wales,Fresh ground water,Total gross abstraction,2011,Cubic metres,2159.0
696,England and Wales,Fresh ground water,Total gross abstraction,2012,Cubic metres,2046.0
697,England and Wales,Fresh ground water,Total gross abstraction,2013,Cubic metres,2088.9
698,England and Wales,Fresh ground water,Public water supply,2008,Cubic metres,1734.0
699,England and Wales,Fresh ground water,Public water supply,2009,Cubic metres,1743.0
700,England and Wales,Fresh ground water,Public water supply,2010,Cubic metres,1728.0
701,England and Wales,Fresh ground water,Public water supply,2011,Cubic metres,1743.0
702,England and Wales,Fresh ground water,Public water supply,2012,Cubic metres,1684.0
703,England and Wales,Fresh ground water,Public water supply,2013,Cubic metres,1698.1
704,England and Wales,Fresh ground water,"Agriculture, forestry, fishing",2008,Cubic metres,169.0
705,England and Wales,Fresh ground water,"Agriculture, forestry, fishing",2009,Cubic metres,196.0
706,England and Wales,Fresh ground water,"Agriculture, forestry, fishing",2010,Cubic metres,205.0
707,England and Wales,Fresh ground water,"Agriculture, forestry, fishing",2011,Cubic metres,208.0
708,England and Wales,Fresh ground water,"Agriculture, forestry, fishing",2012,Cubic metres,156.0
709,England and Wales,Fresh ground water,"Agriculture, forestry, fishing",2013,Cubic metres,189.0
710,England and Wales,Fresh ground water,Irrigation,2008,Cubic metres,25.0
711,England and Wales,Fresh ground water,Irrigation,2009,Cubic metres,41.0
712,England and Wales,Fresh ground water,Irrigation,2010,Cubic metres,47.0
713,England and Wales,Fresh ground water,Irrigation,2011,Cubic metres,55.0
714,England and Wales,Fresh ground water,Irrigation,2012,Cubic metres,20.0
715,England and Wales,Fresh ground water,Irrigation,2013,Cubic metres,47.7
716,England and Wales,Fresh ground water,Manufacturing industry,2008,Cubic metres,210.0
717,England and Wales,Fresh ground water,Manufacturing industry,2009,Cubic metres,191.0
718,England and Wales,Fresh ground water,Manufacturing industry,2010,Cubic metres,194.0
719,England and Wales,Fresh ground water,Manufacturing industry,2011,Cubic metres,189.0
720,England and Wales,Fresh ground water,Manufacturing industry,2012,Cubic metres,172.0
721,England and Wales,Fresh ground water,Manufacturing industry,2013,Cubic metres,166.0
722,Russia,Fresh ground water,Total gross abstraction,2008,Cubic metres,10090.0
723,Russia,Fresh ground water,Total gross abstraction,2009,Cubic metres,9771.0
724,Russia,Fresh ground water,Total gross abstraction,2010,Cubic metres,9363.0
725,Russia,Fresh ground water,Total gross abstraction,2011,Cubic metres,9156.0
726,Russia,Fresh ground water,Total gross abstraction,2012,Cubic metres,9126.0
727,Russia,Fresh ground water,Total gross abstraction,2013,Cubic metres,8907.0
728,Russia,Fresh ground water,Total gross abstraction,2014,Cubic metres,9756.0
729,Russia,Fresh ground water,Total gross abstraction,2015,Cubic metres,10009.0
730,Russia,Fresh ground water,Total gross abstraction,2016,Cubic metres,10685.0
731,Latvia,Fresh ground water,Total gross abstraction,2008,Cubic metres,131.15809
732,Latvia,Fresh ground water,Total gross abstraction,2009,Cubic metres,285.88504
733,Latvia,Fresh ground water,Total gross abstraction,2010,Cubic metres,170.12521999999998
734,Latvia,Fresh ground water,Total gross abstraction,2011,Cubic metres,273.12945
735,Latvia,Fresh ground water,Total gross abstraction,2012,Cubic metres,157.97015
736,Latvia,Fresh ground water,Total gross abstraction,2013,Cubic metres,113.48406999999999
737,Latvia,Fresh ground water,Total gross abstraction,2014,Cubic metres,83.42945999999999
738,Latvia,Fresh ground water,Total gross abstraction,2015,Cubic metres,80.62975
739,Latvia,Fresh ground water,Total gross abstraction,2016,Cubic metres,120.023
740,Luxembourg,Fresh ground water,Aquaculture,2014,Cubic metres,0.13
741,Latvia,Fresh ground water,Public water supply,2008,Cubic metres,72.71600000000001
742,Latvia,Fresh ground water,Public water supply,2009,Cubic metres,175.551
743,Latvia,Fresh ground water,Public water supply,2010,Cubic metres,66.07300000000001
744,Latvia,Fresh ground water,Public water supply,2011,Cubic metres,153.21
745,Latvia,Fresh ground water,Public water supply,2012,Cubic metres,90.04
746,Latvia,Fresh ground water,Public water supply,2013,Cubic metres,71.861
747,Latvia,Fresh ground water,Public water supply,2014,Cubic metres,58.49100000000001
748,Latvia,Fresh ground water,Public water supply,2015,Cubic metres,57.003
749,Latvia,Fresh ground water,Public water supply,2016,Cubic metres,80.166
750,United States,Fresh ground water,Aquaculture,2010,Cubic metres,2514.64905
751,Korea,Fresh ground water,Aquaculture,2008,Cubic metres,25.0
752,Korea,Fresh ground water,Aquaculture,2009,Cubic metres,24.0
753,Korea,Fresh ground water,Aquaculture,2010,Cubic metres,23.0
754,Korea,Fresh ground water,Aquaculture,2011,Cubic metres,21.0
755,Korea,Fresh ground water,Aquaculture,2012,Cubic metres,21.83868
756,Korea,Fresh ground water,Aquaculture,2013,Cubic metres,22.69227
757,Latvia,Fresh ground water,Manufacturing industry,2008,Cubic metres,10.777999999999999
758,Latvia,Fresh ground water,Manufacturing industry,2009,Cubic metres,7.626
759,Latvia,Fresh ground water,Manufacturing industry,2010,Cubic metres,46.275
760,Latvia,Fresh ground water,Manufacturing industry,2011,Cubic metres,36.889
761,Latvia,Fresh ground water,Manufacturing industry,2012,Cubic metres,18.426
762,Latvia,Fresh ground water,Manufacturing industry,2013,Cubic metres,8.277999999999999
763,Latvia,Fresh ground water,Manufacturing industry,2014,Cubic metres,8.003
764,Latvia,Fresh ground water,Manufacturing industry,2015,Cubic metres,7.593
765,Latvia,Fresh ground water,Manufacturing industry,2016,Cubic metres,25.829
766,Greece,Fresh ground water,Manufacturing industry,2011,Cubic metres,124.4
767,Greece,Fresh ground water,Manufacturing industry,2012,Cubic metres,124.4
768,Greece,Fresh ground water,Manufacturing industry,2013,Cubic metres,124.4
769,Greece,Fresh ground water,Manufacturing industry,2014,Cubic metres,124.4
770,Greece,Fresh ground water,Manufacturing industry,2015,Cubic metres,124.4
771,China (People's Republic of),Fresh ground water,Total gross abstraction,2008,Cubic metres,108480.0
772,China (People's Republic of),Fresh ground water,Total gross abstraction,2009,Cubic metres,109452.0
773,China (People's Republic of),Fresh ground water,Total gross abstraction,2010,Cubic metres,110730.0
774,China (People's Republic of),Fresh ground water,Total gross abstraction,2011,Cubic metres,110010.0
775,China (People's Republic of),Fresh ground water,Total gross abstraction,2012,Cubic metres,113380.0
776,Latvia,Fresh ground water,"Agriculture, forestry, fishing",2008,Cubic metres,6.45
777,Latvia,Fresh ground water,"Agriculture, forestry, fishing",2009,Cubic metres,67.33800000000001
778,Latvia,Fresh ground water,"Agriculture, forestry, fishing",2010,Cubic metres,15.925
779,Latvia,Fresh ground water,"Agriculture, forestry, fishing",2011,Cubic metres,2.359
780,Latvia,Fresh ground water,"Agriculture, forestry, fishing",2012,Cubic metres,2.374
781,Latvia,Fresh ground water,"Agriculture, forestry, fishing",2013,Cubic metres,2.448
782,Latvia,Fresh ground water,"Agriculture, forestry, fishing",2014,Cubic metres,2.935
783,Latvia,Fresh ground water,"Agriculture, forestry, fishing",2015,Cubic metres,3.068
784,Latvia,Fresh ground water,"Agriculture, forestry, fishing",2016,Cubic metres,2.99
785,Latvia,Fresh ground water,Aquaculture,2008,Cubic metres,3.2
786,Latvia,Fresh ground water,Aquaculture,2013,Cubic metres,0.1
787,Colombia,Fresh ground water,Total gross abstraction,2012,Cubic metres,4000.0
788,Costa Rica,Fresh ground water,Total gross abstraction,2008,Cubic metres,47.263729999999995
789,Costa Rica,Fresh ground water,Total gross abstraction,2009,Cubic metres,61.94379
790,Costa Rica,Fresh ground water,Total gross abstraction,2010,Cubic metres,81.94275999999999
791,Costa Rica,Fresh ground water,Total gross abstraction,2011,Cubic metres,100.80853
792,Costa Rica,Fresh ground water,Total gross abstraction,2012,Cubic metres,125.3231
793,Costa Rica,Fresh ground water,Total gross abstraction,2013,Cubic metres,152.5314
794,Costa Rica,Fresh ground water,Total gross abstraction,2014,Cubic metres,216.36077999999998
795,Costa Rica,Fresh ground water,Total gross abstraction,2015,Cubic metres,249.29097000000002
796,Costa Rica,Fresh ground water,Total gross abstraction,2016,Cubic metres,248.4353
797,Costa Rica,Fresh ground water,Public water supply,2008,Cubic metres,23.2884
798,Costa Rica,Fresh ground water,Public water supply,2009,Cubic metres,28.07
799,Costa Rica,Fresh ground water,Public water supply,2010,Cubic metres,30.2408
800,Costa Rica,Fresh ground water,Public water supply,2011,Cubic metres,33.4971
801,Costa Rica,Fresh ground water,Public water supply,2012,Cubic metres,36.0808
802,Costa Rica,Fresh ground water,Public water supply,2013,Cubic metres,42.5239
803,Costa Rica,Fresh ground water,Public water supply,2014,Cubic metres,55.28
804,Costa Rica,Fresh ground water,Public water supply,2015,Cubic metres,59.71108
805,Costa Rica,Fresh ground water,Public water supply,2016,Cubic metres,52.1366
806,Costa Rica,Fresh ground water,"Agriculture, forestry, fishing",2008,Cubic metres,17.1003
807,Costa Rica,Fresh ground water,"Agriculture, forestry, fishing",2009,Cubic metres,24.4017
808,Costa Rica,Fresh ground water,"Agriculture, forestry, fishing",2010,Cubic metres,36.6
809,Costa Rica,Fresh ground water,"Agriculture, forestry, fishing",2011,Cubic metres,47.0677
810,Costa Rica,Fresh ground water,"Agriculture, forestry, fishing",2012,Cubic metres,63.101000000000006
811,Costa Rica,Fresh ground water,"Agriculture, forestry, fishing",2013,Cubic metres,79.0555
812,Costa Rica,Fresh ground water,"Agriculture, forestry, fishing",2014,Cubic metres,119.0
813,Costa Rica,Fresh ground water,"Agriculture, forestry, fishing",2015,Cubic metres,136.02382
814,Costa Rica,Fresh ground water,"Agriculture, forestry, fishing",2016,Cubic metres,139.9277
815,Costa Rica,Fresh ground water,Irrigation,2008,Cubic metres,14.4145
816,Costa Rica,Fresh ground water,Irrigation,2009,Cubic metres,19.4443
817,Costa Rica,Fresh ground water,Irrigation,2010,Cubic metres,25.7279
818,Costa Rica,Fresh ground water,Irrigation,2011,Cubic metres,33.9275
819,Costa Rica,Fresh ground water,Irrigation,2012,Cubic metres,44.6765
820,Costa Rica,Fresh ground water,Irrigation,2013,Cubic metres,53.1083
821,Costa Rica,Fresh ground water,Irrigation,2014,Cubic metres,73.77
822,Costa Rica,Fresh ground water,Irrigation,2015,Cubic metres,85.4059
823,Costa Rica,Fresh ground water,Irrigation,2016,Cubic metres,87.3536
824,Costa Rica,Fresh ground water,Manufacturing industry,2008,Cubic metres,2.8681
825,Costa Rica,Fresh ground water,Manufacturing industry,2009,Cubic metres,4.1077
826,Costa Rica,Fresh ground water,Manufacturing industry,2010,Cubic metres,8.1592
827,Costa Rica,Fresh ground water,Manufacturing industry,2011,Cubic metres,11.68
828,Costa Rica,Fresh ground water,Manufacturing industry,2012,Cubic metres,14.7737
829,Costa Rica,Fresh ground water,Manufacturing industry,2013,Cubic metres,18.057000000000002
830,Costa Rica,Fresh ground water,Manufacturing industry,2014,Cubic metres,26.1653
831,Costa Rica,Fresh ground water,Manufacturing industry,2015,Cubic metres,35.75302
832,Costa Rica,Fresh ground water,Manufacturing industry,2016,Cubic metres,38.1404
833,Lithuania,Fresh ground water,Total gross abstraction,2008,Cubic metres,170.59037
834,Lithuania,Fresh ground water,Total gross abstraction,2009,Cubic metres,160.90631000000002
835,Lithuania,Fresh ground water,Total gross abstraction,2010,Cubic metres,158.68004
836,Lithuania,Fresh ground water,Total gross abstraction,2011,Cubic metres,155.28303
837,Lithuania,Fresh ground water,Total gross abstraction,2012,Cubic metres,150.57748999999998
838,Lithuania,Fresh ground water,Total gross abstraction,2013,Cubic metres,158.43923999999998
839,Lithuania,Fresh ground water,Total gross abstraction,2014,Cubic metres,158.87621000000001
840,Lithuania,Fresh ground water,Total gross abstraction,2015,Cubic metres,156.93986
841,Lithuania,Fresh ground water,Total gross abstraction,2016,Cubic metres,157.22822
842,Lithuania,Fresh ground water,Public water supply,2008,Cubic metres,137.5544
843,Lithuania,Fresh ground water,Public water supply,2009,Cubic metres,129.5488
844,Lithuania,Fresh ground water,Public water supply,2010,Cubic metres,125.787
845,Lithuania,Fresh ground water,Public water supply,2011,Cubic metres,123.9523
846,Lithuania,Fresh ground water,Public water supply,2012,Cubic metres,120.2633
847,Lithuania,Fresh ground water,Public water supply,2013,Cubic metres,128.97797
848,Lithuania,Fresh ground water,Public water supply,2014,Cubic metres,130.49528999999998
849,Lithuania,Fresh ground water,Public water supply,2015,Cubic metres,129.42412
850,Lithuania,Fresh ground water,Public water supply,2016,Cubic metres,130.11495
851,Lithuania,Fresh ground water,"Agriculture, forestry, fishing",2008,Cubic metres,4.6461
852,Lithuania,Fresh ground water,"Agriculture, forestry, fishing",2009,Cubic metres,4.4259
853,Lithuania,Fresh ground water,"Agriculture, forestry, fishing",2010,Cubic metres,4.3527
854,Lithuania,Fresh ground water,"Agriculture, forestry, fishing",2011,Cubic metres,3.8616
855,Lithuania,Fresh ground water,"Agriculture, forestry, fishing",2012,Cubic metres,3.6199
856,Lithuania,Fresh ground water,"Agriculture, forestry, fishing",2013,Cubic metres,3.8750199999999997
857,Lithuania,Fresh ground water,"Agriculture, forestry, fishing",2014,Cubic metres,3.55511
858,Lithuania,Fresh ground water,"Agriculture, forestry, fishing",2015,Cubic metres,3.5577099999999997
859,Lithuania,Fresh ground water,"Agriculture, forestry, fishing",2016,Cubic metres,3.55555
860,Lithuania,Fresh ground water,Irrigation,2008,Cubic metres,0.7873
861,Lithuania,Fresh ground water,Irrigation,2009,Cubic metres,0.7208
862,Lithuania,Fresh ground water,Irrigation,2010,Cubic metres,0.9274
863,Lithuania,Fresh ground water,Irrigation,2011,Cubic metres,0.6553
864,Lithuania,Fresh ground water,Irrigation,2012,Cubic metres,0.7645
865,Lithuania,Fresh ground water,Irrigation,2013,Cubic metres,0.80769
866,Lithuania,Fresh ground water,Irrigation,2014,Cubic metres,0.66593
867,Lithuania,Fresh ground water,Irrigation,2015,Cubic metres,0.64227
868,Lithuania,Fresh ground water,Irrigation,2016,Cubic metres,0.49028999999999995
869,Lithuania,Fresh ground water,Aquaculture,2010,Cubic metres,0.1
870,Lithuania,Fresh ground water,Aquaculture,2011,Cubic metres,0.05
871,Lithuania,Fresh ground water,Aquaculture,2012,Cubic metres,0.06
872,Lithuania,Fresh ground water,Aquaculture,2013,Cubic metres,0.01
873,Lithuania,Fresh ground water,Manufacturing industry,2008,Cubic metres,4.728
874,Lithuania,Fresh ground water,Manufacturing industry,2009,Cubic metres,4.2397
875,Lithuania,Fresh ground water,Manufacturing industry,2010,Cubic metres,4.0765
876,Lithuania,Fresh ground water,Manufacturing industry,2011,Cubic metres,4.0271
877,Lithuania,Fresh ground water,Manufacturing industry,2012,Cubic metres,4.8839999999999995
878,Lithuania,Fresh ground water,Manufacturing industry,2013,Cubic metres,4.9179699999999995
879,Lithuania,Fresh ground water,Manufacturing industry,2014,Cubic metres,4.69097
880,Lithuania,Fresh ground water,Manufacturing industry,2015,Cubic metres,5.02389
881,Lithuania,Fresh ground water,Manufacturing industry,2016,Cubic metres,5.3373800000000005
882,Iceland,Fresh ground water,Aquaculture,2010,Cubic metres,1083.4
883,Iceland,Fresh ground water,Aquaculture,2011,Cubic metres,1174.9
884,Iceland,Fresh ground water,Aquaculture,2012,Cubic metres,1207.2
885,Iceland,Fresh ground water,Aquaculture,2013,Cubic metres,1091.6
886,Iceland,Fresh ground water,Aquaculture,2014,Cubic metres,670.6
887,England and Wales,Fresh ground water,Aquaculture,2008,Cubic metres,133.0
888,England and Wales,Fresh ground water,Aquaculture,2009,Cubic metres,143.0
889,England and Wales,Fresh ground water,Aquaculture,2010,Cubic metres,135.0
890,England and Wales,Fresh ground water,Aquaculture,2011,Cubic metres,129.0
891,England and Wales,Fresh ground water,Aquaculture,2012,Cubic metres,113.0
892,Russia,Fresh ground water,"Agriculture, forestry, fishing",2008,Cubic metres,775.0
893,Russia,Fresh ground water,"Agriculture, forestry, fishing",2009,Cubic metres,719.0
894,Russia,Fresh ground water,"Agriculture, forestry, fishing",2010,Cubic metres,405.0
895,Russia,Fresh ground water,"Agriculture, forestry, fishing",2011,Cubic metres,390.0
896,Russia,Fresh ground water,"Agriculture, forestry, fishing",2012,Cubic metres,383.0
897,Russia,Fresh ground water,"Agriculture, forestry, fishing",2013,Cubic metres,357.0
898,Russia,Fresh ground water,"Agriculture, forestry, fishing",2014,Cubic metres,358.0
899,Russia,Fresh ground water,"Agriculture, forestry, fishing",2015,Cubic metres,344.0
900,Russia,Fresh ground water,"Agriculture, forestry, fishing",2016,Cubic metres,370.0
901,Russia,Fresh ground water,Manufacturing industry,2008,Cubic metres,825.0
902,Russia,Fresh ground water,Manufacturing industry,2009,Cubic metres,724.0
903,Russia,Fresh ground water,Manufacturing industry,2010,Cubic metres,656.0
904,Russia,Fresh ground water,Manufacturing industry,2011,Cubic metres,664.0
905,Russia,Fresh ground water,Manufacturing industry,2012,Cubic metres,659.0
906,Russia,Fresh ground water,Manufacturing industry,2013,Cubic metres,612.0
907,Russia,Fresh ground water,Manufacturing industry,2014,Cubic metres,589.0
908,Russia,Fresh ground water,Manufacturing industry,2015,Cubic metres,580.0
909,Russia,Fresh ground water,Manufacturing industry,2016,Cubic metres,572.0
